{
  "moved_count": 100,
  "collision_count": 0,
  "skipped_count": 10,
  "empties_removed": [
    "biomes",
    "director",
    "ennea",
    "exports/spawn_packs",
    "exports",
    "form",
    "gear/weapons",
    "gear",
    "jobs",
    "modules/personality/enneagram",
    "modules/personality",
    "modules",
    "morph",
    "nest",
    "rules",
    "schema",
    "schemas",
    "scripts",
    "social",
    "species",
    "surge",
    "tags",
    "telemetry",
    "traits",
    "vtt",
    "assets/img"
  ],
  "moves": [
    {
      "from": "GM_Quickstart.md",
      "to": "docs/migrated/GM_Quickstart.md"
    },
    {
      "from": "MERGE_REPORT.md",
      "to": "docs/migrated/MERGE_REPORT.md"
    },
    {
      "from": "README.md",
      "to": "docs/migrated/README.md"
    },
    {
      "from": "README_MIN_PACCHETTO.md",
      "to": "docs/migrated/README_MIN_PACCHETTO.md"
    },
    {
      "from": "biomes/badlands.yaml",
      "to": "data/badlands.yaml"
    },
    {
      "from": "biomes/cavern.yaml",
      "to": "data/cavern.yaml"
    },
    {
      "from": "biomes/desert.yaml",
      "to": "data/desert.yaml"
    },
    {
      "from": "biomes/starter_biomes.yaml",
      "to": "data/starter_biomes.yaml"
    },
    {
      "from": "director/behavior_tables.md",
      "to": "docs/migrated/behavior_tables.md"
    },
    {
      "from": "director/encounter_tables.yaml",
      "to": "data/encounter_tables.yaml"
    },
    {
      "from": "director/npg_artificer_badlands.yaml",
      "to": "data/npg_artificer_badlands.yaml"
    },
    {
      "from": "director/npg_harvester_badlands.yaml",
      "to": "data/npg_harvester_badlands.yaml"
    },
    {
      "from": "director/npg_invoker_cavern.yaml",
      "to": "data/npg_invoker_cavern.yaml"
    },
    {
      "from": "director/npg_skirmisher_desert.yaml",
      "to": "data/npg_skirmisher_desert.yaml"
    },
    {
      "from": "director/npg_template_schema.yaml",
      "to": "data/npg_template_schema.yaml"
    },
    {
      "from": "director/npg_vanguard_desert.yaml",
      "to": "data/npg_vanguard_desert.yaml"
    },
    {
      "from": "director/npg_warden_cavern.yaml",
      "to": "data/npg_warden_cavern.yaml"
    },
    {
      "from": "director/regista.md",
      "to": "docs/migrated/regista.md"
    },
    {
      "from": "director/regista_rewards.yaml",
      "to": "data/regista_rewards.yaml"
    },
    {
      "from": "ennea/themes.yaml",
      "to": "data/themes.yaml"
    },
    {
      "from": "exports/spawn_packs/pack_biome_jobs_v1.json",
      "to": "data/pack_biome_jobs_v1.json"
    },
    {
      "from": "form/ENTP.yaml",
      "to": "data/ENTP.yaml"
    },
    {
      "from": "form/mbti_gates.yaml",
      "to": "data/mbti_gates.yaml"
    },
    {
      "from": "form/mbti_job_affinities.yaml",
      "to": "data/mbti_job_affinities.yaml"
    },
    {
      "from": "gear/weapons/arc_rod.yaml",
      "to": "data/arc_rod.yaml"
    },
    {
      "from": "gear/weapons/twin_blades.yaml",
      "to": "data/twin_blades.yaml"
    },
    {
      "from": "jobs/artificer.yaml",
      "to": "data/artificer.yaml"
    },
    {
      "from": "jobs/harvester.yaml",
      "to": "data/harvester.yaml"
    },
    {
      "from": "jobs/invoker.yaml",
      "to": "data/invoker.yaml"
    },
    {
      "from": "jobs/skirmisher.yaml",
      "to": "data/skirmisher.yaml"
    },
    {
      "from": "jobs/vanguard.yaml",
      "to": "data/vanguard.yaml"
    },
    {
      "from": "jobs/warden.yaml",
      "to": "data/warden.yaml"
    },
    {
      "from": "manifest.json",
      "to": "data/manifest.json"
    },
    {
      "from": "modules/personality/enneagram/HOWTO_EVO_TACTICS.md",
      "to": "docs/migrated/HOWTO_EVO_TACTICS.md"
    },
    {
      "from": "modules/personality/enneagram/README_ADDON_PER_PACCHETTO.md",
      "to": "docs/migrated/README_ADDON_PER_PACCHETTO.md"
    },
    {
      "from": "modules/personality/enneagram/README_ENNEAGRAMMA.md",
      "to": "docs/migrated/README_ENNEAGRAMMA.md"
    },
    {
      "from": "modules/personality/enneagram/README_INTEGRAZIONE_MECCANICHE.md",
      "to": "docs/migrated/README_INTEGRAZIONE_MECCANICHE.md"
    },
    {
      "from": "modules/personality/enneagram/compat_map.json",
      "to": "data/compat_map.json"
    },
    {
      "from": "modules/personality/enneagram/enneagramma_dataset.json",
      "to": "data/enneagramma_dataset.json"
    },
    {
      "from": "modules/personality/enneagram/enneagramma_schema.json",
      "to": "data/enneagramma_schema.json"
    },
    {
      "from": "modules/personality/enneagram/hook_bindings.ts",
      "to": "tools/ts/hook_bindings.ts"
    },
    {
      "from": "modules/personality/enneagram/personality_module.v1.json",
      "to": "data/personality_module.v1.json"
    },
    {
      "from": "modules/personality/enneagram/pg_enneagram_template.yaml",
      "to": "data/pg_enneagram_template.yaml"
    },
    {
      "from": "morph/acid_gland.yaml",
      "to": "data/acid_gland.yaml"
    },
    {
      "from": "morph/aero_exchange.yaml",
      "to": "data/aero_exchange.yaml"
    },
    {
      "from": "morph/burrow_claws.yaml",
      "to": "data/burrow_claws.yaml"
    },
    {
      "from": "morph/burst_anaerobic.yaml",
      "to": "data/burst_anaerobic.yaml"
    },
    {
      "from": "morph/echolocate.yaml",
      "to": "data/echolocate.yaml"
    },
    {
      "from": "morph/elastomer_skin.yaml",
      "to": "data/elastomer_skin.yaml"
    },
    {
      "from": "morph/ferrous_carapace.yaml",
      "to": "data/ferrous_carapace.yaml"
    },
    {
      "from": "morph/glide_wings.yaml",
      "to": "data/glide_wings.yaml"
    },
    {
      "from": "morph/iron_spine.yaml",
      "to": "data/iron_spine.yaml"
    },
    {
      "from": "morph/mag_sense.yaml",
      "to": "data/mag_sense.yaml"
    },
    {
      "from": "morph/rust_ingest.yaml",
      "to": "data/rust_ingest.yaml"
    },
    {
      "from": "morph/spring_legs.yaml",
      "to": "data/spring_legs.yaml"
    },
    {
      "from": "nest/requirements.yaml",
      "to": "data/requirements.yaml"
    },
    {
      "from": "pc_fix_snippet.yaml",
      "to": "data/pc_fix_snippet.yaml"
    },
    {
      "from": "rules/checklists.md",
      "to": "docs/migrated/checklists.md"
    },
    {
      "from": "rules/checks.md",
      "to": "docs/migrated/checks.md"
    },
    {
      "from": "rules/economy.md",
      "to": "docs/migrated/economy.md"
    },
    {
      "from": "rules/job_gates.yaml",
      "to": "data/job_gates.yaml"
    },
    {
      "from": "rules/mating_biome_links.md",
      "to": "appendici/migrated/mating_biome_links.md"
    },
    {
      "from": "rules/preferences_tables.md",
      "to": "docs/migrated/preferences_tables.md"
    },
    {
      "from": "rules/privacy.md",
      "to": "docs/migrated/privacy.md"
    },
    {
      "from": "rules/proficiency.md",
      "to": "docs/migrated/proficiency.md"
    },
    {
      "from": "rules/resources.md",
      "to": "docs/migrated/resources.md"
    },
    {
      "from": "rules/stances.yaml",
      "to": "data/stances.yaml"
    },
    {
      "from": "rules/stats.md",
      "to": "docs/migrated/stats.md"
    },
    {
      "from": "rules/synergies.yaml",
      "to": "data/synergies.yaml"
    },
    {
      "from": "rules/tuning.md",
      "to": "docs/migrated/tuning.md"
    },
    {
      "from": "rules/units_grid.md",
      "to": "docs/migrated/units_grid.md"
    },
    {
      "from": "rules/validation.md",
      "to": "docs/migrated/validation.md"
    },
    {
      "from": "schema/npg_schema.json",
      "to": "data/npg_schema.json"
    },
    {
      "from": "schema/pc_schema.json",
      "to": "data/pc_schema.json"
    },
    {
      "from": "schemas/npg.schema.json",
      "to": "data/npg.schema.json"
    },
    {
      "from": "schemas/pg.schema.json",
      "to": "data/pg.schema.json"
    },
    {
      "from": "scripts/spawn_npg.py",
      "to": "tools/py/spawn_npg.py"
    },
    {
      "from": "scripts/validate_package.py",
      "to": "tools/py/validate_package.py"
    },
    {
      "from": "social/affinity_trust.md",
      "to": "docs/migrated/affinity_trust.md"
    },
    {
      "from": "social/mating.md",
      "to": "appendici/migrated/mating.md"
    },
    {
      "from": "social/species_preferences.yaml",
      "to": "data/species_preferences.yaml"
    },
    {
      "from": "species/dune_stalker.yaml",
      "to": "data/dune_stalker.yaml"
    },
    {
      "from": "species/echo_wing.yaml",
      "to": "data/echo_wing.yaml"
    },
    {
      "from": "species/rust_scavenger.yaml",
      "to": "data/rust_scavenger.yaml"
    },
    {
      "from": "species/sand_burrower.yaml",
      "to": "data/sand_burrower.yaml"
    },
    {
      "from": "species/species_index.yaml",
      "to": "data/species_index.yaml"
    },
    {
      "from": "surge/chain.yaml",
      "to": "data/chain.yaml"
    },
    {
      "from": "surge/overdrive.yaml",
      "to": "data/overdrive.yaml"
    },
    {
      "from": "surge/pierce.yaml",
      "to": "data/pierce.yaml"
    },
    {
      "from": "surge/pulse.yaml",
      "to": "data/pulse.yaml"
    },
    {
      "from": "surge/spin.yaml",
      "to": "data/spin.yaml"
    },
    {
      "from": "tags/weapon.yaml",
      "to": "data/weapon.yaml"
    },
    {
      "from": "tags/weapon_advanced.yaml",
      "to": "data/weapon_advanced.yaml"
    },
    {
      "from": "tags/weapon_extra.yaml",
      "to": "data/weapon_extra.yaml"
    },
    {
      "from": "telemetry/pf_session.yaml",
      "to": "data/pf_session.yaml"
    },
    {
      "from": "telemetry/vc.yaml",
      "to": "data/vc.yaml"
    },
    {
      "from": "tools/validate_v7.py",
      "to": "tools/py/validate_v7.py"
    },
    {
      "from": "traits/backstab.yaml",
      "to": "data/backstab.yaml"
    },
    {
      "from": "traits/focus_frazionato.yaml",
      "to": "data/focus_frazionato.yaml"
    },
    {
      "from": "vtt/npg_pack.json",
      "to": "data/npg_pack.json"
    }
  ],
  "collisions": [],
  "skipped_samples": [
    "data/forms.yaml",
    "data/species.yaml",
    "docs/00-INDEX.md",
    "docs/01-VISIONE.md",
    "docs/Quickstart_GM.md",
    "tools/py/validate_forms.py",
    "tools/py/validate_species.py",
    "tools/ts/package.json",
    "tools/ts/validate_forms.ts",
    "tools/ts/validate_species.ts"
  ]
}