site_id,site_name,source_url
baobabs_meteorite_site,Baobabs' meteorite site,https://ancestors.fandom.com/wiki/Meteorite_Site
carissa_clearing_meteorite_site,Carissa Clearing's meteorite site,https://ancestors.fandom.com/wiki/Meteorite_Site
dead_tree_meteorite_site,Dead Tree's meteorite site,https://ancestors.fandom.com/wiki/Meteorite_Site
desert_meteorite_site,Desert's meteorite site,https://ancestors.fandom.com/wiki/Meteorite_Site
flat_boulder_meteorite_site,Flat Boulder's meteorite site,https://ancestors.fandom.com/wiki/Meteorite_Site
island_meteorite_site,Island's meteorite site,https://ancestors.fandom.com/wiki/Meteorite_Site
lake_clearing_meteorite_site,Lake Clearing's meteorite site,https://ancestors.fandom.com/wiki/Meteorite_Site
over_the_cave_meteorite_site,Over-The-Cave's meteorite site,https://ancestors.fandom.com/wiki/Meteorite_Site
rock_boundaries_meteorite_site,Rock Boundaries' meteorite site,https://ancestors.fandom.com/wiki/Meteorite_Site
savannas_boulders_enclave_meteorite_site,Savanna's Boulders Enclave's meteorite site,https://ancestors.fandom.com/wiki/Meteorite_Site
single_kapok_meteorite_site,Single Kapok's meteorite site,https://ancestors.fandom.com/wiki/Meteorite_Site
swamp_meteorite_site,Swamp's meteorite site,https://ancestors.fandom.com/wiki/Meteorite_Site
