branch_id,branch_name,branch_type,total_neurons,regular_neurons,genetic_mutations,source_url
senses,Senses,primary,37.0,31.0,6.0,https://ancestors.fandom.com/wiki/Senses_%28neuronal_branch%29
intelligence,Intelligence,primary,14.0,8.0,6.0,https://ancestors.fandom.com/wiki/Intelligence_%28neuronal_branch%29
metabolism,Metabolism,primary,,,,https://ancestors.fandom.com/wiki/Neuronal
omnivore,Omnivore,sub,11.0,9.0,2.0,https://ancestors.fandom.com/wiki/Omnivore_%28neuronal_branch%29
preventive_medication,Preventive Medication,sub,30.0,22.0,8.0,https://ancestors.fandom.com/wiki/Neuronal
therapeutic_medication,Therapeutic Medication,sub,24.0,16.0,8.0,https://ancestors.fandom.com/wiki/Neuronal
motricity,Motricity,primary,20.0,11.0,9.0,https://ancestors.fandom.com/wiki/Neuronal
ambulation,Ambulation,sub,26.0,12.0,14.0,https://ancestors.fandom.com/wiki/Neuronal
attack,Attack,sub,8.0,6.0,2.0,https://ancestors.fandom.com/wiki/Neuronal
dexterity,Dexterity,sub,33.0,24.0,9.0,https://ancestors.fandom.com/wiki/Dexterity_%28neuronal_branch%29
dodge,Dodge,sub,10.0,7.0,3.0,https://ancestors.fandom.com/wiki/Neuronal
self_control,Self-Control,sub,12.0,8.0,4.0,https://ancestors.fandom.com/wiki/Neuronal
settlement,Settlement,sub,,,,https://ancestors.fandom.com/wiki/Neuronal
swim,Swim,sub,5.0,3.0,2.0,https://ancestors.fandom.com/wiki/Neuronal
orrorin_tugenensis,Orrorin tugenensis,species,8.0,8.0,0.0,https://ancestors.fandom.com/wiki/Neuronal
ardipithecus_ramidus,Ardipithecus ramidus,species,13.0,10.0,3.0,https://ancestors.fandom.com/wiki/Neuronal
australopithecus_afarensis,Australopithecus afarensis,species,12.0,9.0,3.0,https://ancestors.fandom.com/wiki/Neuronal
communication,Communication,primary,20.0,15.0,5.0,https://ancestors.fandom.com/wiki/Neuronal
