branch_id,neuron_id,ui_name,is_genetic,unlock_trigger,effect_short,source_url,notes
senses,SO_02,Chemoreceptor Acuity (SO 02),False,Use Senses > Smell; follow Contextual Actions.,Increases range for detecting an odor source.,https://ancestors.fandom.com/wiki/Senses_%28neuronal_branch%29,
senses,BB_SS_01,Echoic Memory (BB SS 01),True,Use Senses > Hearing; follow Contextual Actions.,Remember one more item/living being location.,https://ancestors.fandom.com/wiki/Senses_%28neuronal_branch%29,
senses,BB_SS_01-2,Echoic Memory (BB SS 01-2),True,Use Senses > Hearing; follow Contextual Actions.,Remember one more item/living being location.,https://ancestors.fandom.com/wiki/Senses_%28neuronal_branch%29,
senses,BB_SX_01-2,Iconic Memory (BB SX 01-2),True,Use Senses and follow Contextual Actions.,Remember one more item/living being location.,https://ancestors.fandom.com/wiki/Senses_%28neuronal_branch%29,
senses,BB_SX_01-4,Iconic Memory (BB SX 01-4),True,Use Senses and follow Contextual Actions.,Remember one more item/living being location.,https://ancestors.fandom.com/wiki/Senses_%28neuronal_branch%29,
senses,SS_02,Interaural Time Difference (SS 02),False,Use Senses > Hearing; follow Contextual Actions.,Increases range for detecting a sound source.,https://ancestors.fandom.com/wiki/Senses_%28neuronal_branch%29,
senses,SS_03,Interaural Time Difference (SS 03),False,Use Senses > Hearing; follow Contextual Actions.,Increases range for detecting a sound source.,https://ancestors.fandom.com/wiki/Senses_%28neuronal_branch%29,
senses,SS_04,Interaural Time Difference (SS 04),False,Use Senses > Hearing; follow Contextual Actions.,Improves localization of sound direction.,https://ancestors.fandom.com/wiki/Senses_%28neuronal_branch%29,
senses,SO_08,Sensory Transduction Speed (SO 08),False,Use Senses > Smell; follow Contextual Actions.,Maximizes speed to focus on non-threatening odor.,https://ancestors.fandom.com/wiki/Senses_%28neuronal_branch%29,
senses,SS_10,Sound Awareness (SS 10),False,Use Senses > Hearing; identify targets.,Auto-identify other threatening individuals near target.,https://ancestors.fandom.com/wiki/Senses_%28neuronal_branch%29,
senses,SS_10-2,Sound Awareness (SS 10-2),False,Use Senses > Hearing; identify targets.,Auto-identify all threatening individuals of same species.,https://ancestors.fandom.com/wiki/Senses_%28neuronal_branch%29,
senses,SS_10-3,Sound Awareness (SS 10-3),False,Use Senses > Hearing; identify targets.,Auto-identify all threatening individuals.,https://ancestors.fandom.com/wiki/Senses_%28neuronal_branch%29,
senses,SS_06,Sound Detection (SS 06),False,Use Senses > Hearing; identify targets.,Auto-identify other non-threatening individuals near target.,https://ancestors.fandom.com/wiki/Senses_%28neuronal_branch%29,
senses,SS_07,Sound Detection (SS 07),False,Use Senses > Hearing; identify targets.,Auto-identify all non-threatening individuals of same species.,https://ancestors.fandom.com/wiki/Senses_%28neuronal_branch%29,
senses,SS_08,Sound Detection (SS 08),False,Use Senses > Hearing; identify targets.,Auto-identify all non-threatening individuals.,https://ancestors.fandom.com/wiki/Senses_%28neuronal_branch%29,
senses,SS_01,Sound Localization (SS 01),False,Use Senses > Hearing; follow Contextual Actions.,Increases range for detecting a sound source.,https://ancestors.fandom.com/wiki/Senses_%28neuronal_branch%29,
senses,SS_05,Sound Localization Speed (SS 05),False,Use Senses > Hearing; follow Contextual Actions.,Maximizes speed to focus on a sound.,https://ancestors.fandom.com/wiki/Senses_%28neuronal_branch%29,
senses,SS_09,Sound Localization Speed (SS 09),False,Use Senses > Hearing; follow Contextual Actions.,Maximizes speed to focus on a sound.,https://ancestors.fandom.com/wiki/Senses_%28neuronal_branch%29,
dexterity,DE_01,Item Manipulation (DE 01),False,TAP to switch item hand; ALTER while moving.,Switch item from one hand to the other while moving.,https://ancestors.fandom.com/wiki/Dexterity_%28neuronal_branch%29,Linked to Switch Hands page.
dexterity,DE_02,Carrying Ability (DE 02),False,Req: WA 02 + DE 01; carry two-handed.,Enables carrying a big/heavy item using both hands.,https://ancestors.fandom.com/wiki/Dexterity_%28neuronal_branch%29,
dexterity,DE_03,Carrying Ability (DE 03),False,Carry two-handed repeatedly.,Increases move speed while carrying two-handed.,https://ancestors.fandom.com/wiki/Dexterity_%28neuronal_branch%29,
dexterity,DE_04,Carrying Ability (DE 04),False,Carry two-handed; req Vestibular System (WA 05).,Further increases move speed with two-handed carry.,https://ancestors.fandom.com/wiki/Dexterity_%28neuronal_branch%29,
dexterity,DE_05,Gross Motor Skill (DE 05),False,Perform alterations with tools successfully.,Increases success rate for using a tool.,https://ancestors.fandom.com/wiki/Dexterity_%28neuronal_branch%29,
dexterity,DE_06,Applied Force (DE 06),False,Alter (hands/tools); Hitting; Grinding; Stripping.,Increases success rate of all alteration modes.,https://ancestors.fandom.com/wiki/Dexterity_%28neuronal_branch%29,
dexterity,AL_01,Controlling Strength (AL 01),False,After DE 06; Alter with tool.,Increases success rate of alterations using a tool.,https://ancestors.fandom.com/wiki/Dexterity_%28neuronal_branch%29,
dexterity,AL_02,Controlling Strength (AL 02),False,After AL 01; Alter with tool.,Further increases success rate with tool.,https://ancestors.fandom.com/wiki/Dexterity_%28neuronal_branch%29,
dexterity,AL_03,Controlling Strength (AL 03),False,After AL 01–02 + BB AL 01; Alter with tool.,Further increases success rate with tool.,https://ancestors.fandom.com/wiki/Dexterity_%28neuronal_branch%29,
dexterity,AL_07,Fine Motor Skill (AL 07),False,After AL 03 + BB AL 01-2 + AL 06.,Increases success rate of all alteration modes.,https://ancestors.fandom.com/wiki/Dexterity_%28neuronal_branch%29,
dexterity,AL_04,Stripping (AL 04),False,Use Stripping on items (bare hand).,Increases success rate of alteration without a tool.,https://ancestors.fandom.com/wiki/Dexterity_%28neuronal_branch%29,
dexterity,AL_05,Stripping (AL 05),False,After AL 04; repeat.,Further increases success rate without tool.,https://ancestors.fandom.com/wiki/Dexterity_%28neuronal_branch%29,
dexterity,AL_06,Stripping (AL 06),False,After BB AL 01 + AL 05.,Further increases success rate without tool.,https://ancestors.fandom.com/wiki/Dexterity_%28neuronal_branch%29,
dexterity,HA_01,Handling (HA 01),False,General handling practice.,Base control; reduces chance to drop items.,https://ancestors.fandom.com/wiki/Dexterity_%28neuronal_branch%29,
dexterity,HA_02,Grasp Control (HA 02),False,After MS 02 + HA 01; dodge with items.,Reduces chance to drop items after a dodge.,https://ancestors.fandom.com/wiki/Dexterity_%28neuronal_branch%29,
dexterity,HA_03,Grasp Control (HA 03),False,After HA 02 + WH 02.,Further reduces chance to drop items after a dodge.,https://ancestors.fandom.com/wiki/Dexterity_%28neuronal_branch%29,
dexterity,HA_04,Grasp Control (HA 04),False,After DO 01 + HA 03.,Further reduces chance to drop items after a dodge.,https://ancestors.fandom.com/wiki/Dexterity_%28neuronal_branch%29,
dexterity,HA_05,True Grip (HA 05),False,After HA 04; dodge tests.,Items always remain in hands after a dodge.,https://ancestors.fandom.com/wiki/Dexterity_%28neuronal_branch%29,
dexterity,WH_03,Thrusting Aim (WH 03),False,After WH 02; counter predators.,Increases success rate of counterattack vs predators.,https://ancestors.fandom.com/wiki/Dexterity_%28neuronal_branch%29,
dexterity,WH_04,Thrusting Aim (WH 04),False,After WH 02; counter irascible.,Increases success rate of counterattack vs irascible.,https://ancestors.fandom.com/wiki/Dexterity_%28neuronal_branch%29,
dexterity,WH_05,Thrusting Aim (WH 05),False,After WH 02; counter wildlife.,Increases success rate of counterattack vs wildlife.,https://ancestors.fandom.com/wiki/Dexterity_%28neuronal_branch%29,
dexterity,WH_06,True Aim (WH 06),False,After WH 03–04.,Maximizes overall counterattack success rate.,https://ancestors.fandom.com/wiki/Dexterity_%28neuronal_branch%29,
dexterity,BB_AL_01,Manual Dexterity (BB AL 01),True,Birth/meteorite; induced mutation.,Fewer hits required to craft with tools.,https://ancestors.fandom.com/wiki/Dexterity_%28neuronal_branch%29,
dexterity,BB_AL_01-2,Manual Dexterity (BB AL 01-2),True,Birth/meteorite; induced mutation.,Fewer hits required to craft with tools.,https://ancestors.fandom.com/wiki/Dexterity_%28neuronal_branch%29,
dexterity,BB_AL_01-3,Manual Dexterity (BB AL 01-3),True,Birth/meteorite; induced mutation.,Fewer hits required to craft with tools.,https://ancestors.fandom.com/wiki/Dexterity_%28neuronal_branch%29,
dexterity,BB_AL_01-4,Manual Dexterity (BB AL 01-4),True,Birth/meteorite; induced mutation.,Fewer hits required to craft with tools.,https://ancestors.fandom.com/wiki/Dexterity_%28neuronal_branch%29,
dexterity,BB_WH_01,Proprioceptor Efficiency (BB WH 01),True,Birth/meteorite; induced mutation.,Increases chance of lethal blow on counterattack.,https://ancestors.fandom.com/wiki/Dexterity_%28neuronal_branch%29,
dexterity,BB_WH_01-2,Proprioceptor Efficiency (BB WH 01-2),True,Birth/meteorite; induced mutation.,Increases chance of lethal blow on counterattack.,https://ancestors.fandom.com/wiki/Dexterity_%28neuronal_branch%29,
dexterity,BB_WH_01-3,Proprioceptor Efficiency (BB WH 01-3),True,Birth/meteorite; induced mutation.,Increases chance of lethal blow on counterattack.,https://ancestors.fandom.com/wiki/Dexterity_%28neuronal_branch%29,
dexterity,BB_WH_01-4,Proprioceptor Efficiency (BB WH 01-4),True,Birth/meteorite; induced mutation.,Increases chance of lethal blow on counterattack.,https://ancestors.fandom.com/wiki/Dexterity_%28neuronal_branch%29,
dexterity,BB_WH_01-5,Proprioceptor Efficiency (BB WH 01-5),True,Birth/meteorite; induced mutation.,Increases chance of lethal blow on counterattack.,https://ancestors.fandom.com/wiki/Dexterity_%28neuronal_branch%29,
communication,CM_01,Kinesics (CM 01),False,HOLD to gather all clan members and have them follow.,Acquire ability to gather all clan members.,https://ancestors.fandom.com/wiki/Clan%27s_Call,
communication,CM_03,Body Language (CM 03),False,"PRESS Senses, choose Hearing, HOLD & RELEASE to call specific members.",Ask at distance some members to come and follow.,https://ancestors.fandom.com/wiki/Clan%27s_Call,
communication,BB_CM_01,Social Confidence (BB CM 01),True,HOLD to gather clan; range increased.,Wider range for Clan's Call.,https://ancestors.fandom.com/wiki/Clan%27s_Call,
communication,CM_06,Imitation (CM 06),False,DOUBLE-TAP to have nearby clan mimic action (same item).,Clan can mimic switch/alter with same item.,https://ancestors.fandom.com/wiki/Switch_Hands,
omnivore,OM_01,Eumycota Food Acclimatization (OM 01),False,Eat fungi; cure/wait Non-Omnivore.,Begin acclimatization to fungi foods.,https://ancestors.fandom.com/wiki/Omnivore_%28neuronal_branch%29,
omnivore,OM_02,Eumycota Food Acclimatization (OM 02),False,Repeat consumption and curing.,Greater tolerance to fungi foods.,https://ancestors.fandom.com/wiki/Omnivore_%28neuronal_branch%29,
omnivore,OM_03,Zygote Food Acclimatization (OM 03),False,Eat eggs/zygotes; cure/wait Non-Omnivore.,Begin acclimatization to zygote foods.,https://ancestors.fandom.com/wiki/Omnivore_%28neuronal_branch%29,
omnivore,OM_04,Zygote Food Acclimatization (OM 04),False,Repeat consumption and curing.,Greater tolerance to zygote foods.,https://ancestors.fandom.com/wiki/Omnivore_%28neuronal_branch%29,
omnivore,OM_05,Oviparous Food Acclimatization (OM 05),False,Eat oviparous foods; cure/wait Non-Omnivore.,Begin acclimatization to oviparous foods.,https://ancestors.fandom.com/wiki/Omnivore_%28neuronal_branch%29,
omnivore,OM_06,Oviparous Food Acclimatization (OM 06),False,Repeat consumption and curing.,Greater tolerance to oviparous foods.,https://ancestors.fandom.com/wiki/Omnivore_%28neuronal_branch%29,
omnivore,OM_07,Mammal Food Acclimatization (OM 07),False,Eat mammal-derived foods; cure/wait Non-Omnivore.,Begin acclimatization to mammal foods.,https://ancestors.fandom.com/wiki/Omnivore_%28neuronal_branch%29,
omnivore,OM_08,Mammal Food Acclimatization (OM 08),False,Repeat consumption and curing.,Greater tolerance to mammal foods.,https://ancestors.fandom.com/wiki/Omnivore_%28neuronal_branch%29,
omnivore,OM_09,Omnivorous (OM 09),False,Complete prior acclimatizations; remove Non-Omnivore.,Become omnivorous with wide tolerance.,https://ancestors.fandom.com/wiki/Omnivore_%28neuronal_branch%29,
omnivore,BB_OM_01,Xenobiotic Metabolism (BB OM 01),True,Mutation via birth/meteorite.,Improves handling of xenobiotics/toxins.,https://ancestors.fandom.com/wiki/Omnivore_%28neuronal_branch%29,
omnivore,BB_OM_02,Xenobiotic Metabolism (BB OM 02),True,Mutation via birth/meteorite.,Further resistance to exogenous substances.,https://ancestors.fandom.com/wiki/Omnivore_%28neuronal_branch%29,
attack,CO_01,Fight Response (CO 01),False,Perform counterattacks during animal attacks.,Counterattack preparation speed increased.,https://ancestors.fandom.com/wiki/Counterattack; https://ancestors.fandom.com/wiki/Combat,
attack,CO_02,Counter Maneuver (irascible) (CO 02),False,Counterattack vs irascible animals.,Prep speed for counterattack vs irascible increased.,https://ancestors.fandom.com/wiki/Counterattack,
attack,CO_03,Counter Maneuver (wildlife) (CO 03),False,Counterattack vs wildlife.,Prep speed for counterattack vs wildlife increased.,https://ancestors.fandom.com/wiki/Counterattack,
attack,CO_04,Counter Maneuver (predator) (CO 04),False,Counterattack vs predators.,Prep speed for counterattack vs predators increased.,https://ancestors.fandom.com/wiki/Counterattack,
attack,CO_05,Startle Response (CO 05),False,Repeated successful counterattacks.,Counterattack preparation speed maximized.,https://ancestors.fandom.com/wiki/Counterattack,
attack,CO_06,Group Defense (CO 06),False,Have armed followers in group; combat.,Clan members can defend when holding effective weapon.,https://ancestors.fandom.com/wiki/Striking,
attack,BB_CO_01,Released Strength (BB CO 01),True,Land successful counterattacks with weapons.,Successful strike deals more damage.,https://ancestors.fandom.com/wiki/Striking,
attack,BB_CO_02,Released Strength (BB CO 02),True,Land successful counterattacks with weapons.,Successful strike deals more damage.,https://ancestors.fandom.com/wiki/Striking,
dodge,DO_01,Flee Response (DO 01),False,Perform dodges during animal attacks.,Dodge preparation speed increased.,https://ancestors.fandom.com/wiki/Dodge,
dodge,DO_02,Evasive Action (predator) (DO 02),False,Dodge attacks from predators.,Prep speed for dodging predator increased.,https://ancestors.fandom.com/wiki/Dodge,
dodge,BB_DO_03,Evasive Action (irascible) (DO 03),False,Dodge attacks from irascible animals.,Prep speed for dodging irascible increased.,https://ancestors.fandom.com/wiki/Dodge,Wiki uses 'BB' prefix in icon code; neuron is regular.
dodge,DO_04,Evasive Action (wildlife) (DO 04),False,Dodge attacks from wildlife animals.,Prep speed for dodging wildlife increased.,https://ancestors.fandom.com/wiki/Dodge,
dodge,DO_05,Withdrawal Reflex (DO 05),False,Sustain many dodges in combat.,Dodge preparation speed maximized.,https://ancestors.fandom.com/wiki/Dodge,
dodge,DO_06,Ataraxia (DO 06),False,Succeed dodges/counterattacks repeatedly.,Dopamine dose secreted after successful dodge/counterattack.,https://ancestors.fandom.com/wiki/Dodge,
dodge,DO_07,Group Preservation (DO 07),False,Move in group; enemy attacks near followers.,Clan members can dodge attacks when unarmed.,https://ancestors.fandom.com/wiki/Dodge,
dodge,BB_DO_01,Infundibular Pathway (BB DO 01),True,Succeed dodges/counterattacks.,Dopamine dose after successful dodge/counterattack.,https://ancestors.fandom.com/wiki/Dodge,
dodge,BB_DO_02,Infundibular Pathway (BB DO 02),True,Succeed dodges/counterattacks.,Dopamine dose after successful dodge/counterattack.,https://ancestors.fandom.com/wiki/Dodge,
dodge,BB_DO_03-2,Infundibular Pathway (BB DO 03-2),True,Succeed dodges/counterattacks.,Dopamine dose after successful dodge/counterattack.,https://ancestors.fandom.com/wiki/Dodge,
self_control,FR_01,Tachypsychia (FR 01),False,Engage in combat to trigger time-slow effects.,Larger timing window during attacks.,https://ancestors.fandom.com/wiki/Category%3ASelf-Control_neurons_icons; https://ancestors.fandom.com/wiki/Combat,
self_control,FR_02,Temporal Distortion (FR 02),False,Combat exposures.,Larger timing window during attacks.,https://ancestors.fandom.com/wiki/Category%3ASelf-Control_neurons_icons,
self_control,FR_03,Temporal Distortion (FR 03),False,Combat exposures.,Larger timing window during attacks.,https://ancestors.fandom.com/wiki/Category%3ASelf-Control_neurons_icons,
self_control,FR_04,Temporal Distortion (FR 04),False,Combat exposures.,Timing window maximized during attacks.,https://ancestors.fandom.com/wiki/Category%3ASelf-Control_neurons_icons,
self_control,FR_05,Perceptual Time Dilation (FR 05),False,Threat encounters; practice dodging/counterattacking.,Faster reactions when responding to threats.,https://ancestors.fandom.com/wiki/Category%3ASelf-Control_neurons_icons,
self_control,FR_06,Internal Process Speed (predator) (FR 06),False,Encounter predator threats; combat practice.,Faster reactions when facing predators.,https://ancestors.fandom.com/wiki/Category%3ASelf-Control_neurons_icons,
self_control,FR_07,Internal Process Speed (irascible) (FR 07),False,Encounter irascible threats; combat practice.,Faster reactions when facing irascible animals.,https://ancestors.fandom.com/wiki/Category%3ASelf-Control_neurons_icons,
self_control,FR_08,Internal Process Speed (wildlife) (FR 08),False,Encounter wildlife threats; combat practice.,Faster reactions when facing wildlife animals.,https://ancestors.fandom.com/wiki/Category%3ASelf-Control_neurons_icons,
self_control,BB_FR_01,Determination (BB FR 01),True,Combat encounters; repeat responses to threats.,Less dopamine needed when responding to threats.,https://ancestors.fandom.com/wiki/Category%3ASelf-Control_neurons_icons,
self_control,BB_FR_02,Determination (BB FR 02),True,Combat encounters; repeat responses to threats.,Less dopamine needed when responding to threats.,https://ancestors.fandom.com/wiki/Category%3ASelf-Control_neurons_icons,
self_control,BB_FR_03,Determination (BB FR 03),True,Combat encounters; repeat responses to threats.,Less dopamine needed when responding to threats.,https://ancestors.fandom.com/wiki/Category%3ASelf-Control_neurons_icons,
self_control,BB_FR_04,Determination (BB FR 04),True,Combat encounters; repeat responses to threats.,Less dopamine needed when responding to threats.,https://ancestors.fandom.com/wiki/Category%3ASelf-Control_neurons_icons,
ambulation,AB_07,Carrying Endurance (AB 07),False,Practice long two‑handed carries; unlocked by DE 04.,Improves endurance while carrying two-handed (verify exact UI text).,https://ancestors.fandom.com/wiki/Carrying_Endurance_(AB_07),TODO: confirm exact effect string from in-game UI.
ambulation,AB_08,Carrying Endurance (AB 08),False,As above; successive tier.,Further improves carrying endurance (verify exact).,https://ancestors.fandom.com/wiki/Carrying_Endurance_(AB_08),TODO: confirm exact effect string from in-game UI.
ambulation,AB_09,Carrying Endurance (AB 09),False,As above; successive tier.,Maximizes carrying endurance (verify exact).,https://ancestors.fandom.com/wiki/Carrying_Endurance_(AB_09),TODO: confirm exact effect string from in-game UI.
