{
  "$schema": "http://json-schema.org/draft-07/schema#",
  "title": "neurons_all.schema",
  "type": "object",
  "properties": {
    "branch_id": {
      "type": "string"
    },
    "neuron_id": {
      "type": "string"
    },
    "ui_name": {
      "type": "string"
    },
    "is_genetic": {
      "type": "boolean"
    },
    "unlock_trigger": {
      "type": "string"
    },
    "effect_short": {
      "type": "string"
    },
    "source_url": {
      "type": "string"
    },
    "notes": {
      "type": "string"
    }
  },
  "required": [
    "branch_id",
    "neuron_id",
    "ui_name",
    "is_genetic",
    "unlock_trigger",
    "effect_short",
    "source_url"
  ]
}