{
  "$schema": "http://json-schema.org/draft-07/schema#",
  "title": "EvoTactics PG",
  "type": "object",
  "required": [
    "pc"
  ],
  "properties": {
    "pc": {
      "type": "object",
      "required": [
        "id",
        "name",
        "species",
        "form",
        "job",
        "stats",
        "economy",
        "gear",
        "traits",
        "telemetry",
        "social",
        "privacy"
      ],
      "properties": {
        "id": {
          "type": "string"
        },
        "name": {
          "type": "string"
        },
        "species": {
          "type": "object"
        },
        "form": {
          "type": "object"
        },
        "job": {
          "type": "object"
        },
        "stats": {
          "type": "object"
        },
        "economy": {
          "type": "object"
        },
        "gear": {
          "type": "object"
        },
        "traits": {
          "type": "object"
        },
        "telemetry": {
          "type": "object"
        },
        "social": {
          "type": "object"
        },
        "privacy": {
          "type": "object"
        }
      }
    }
  }
}
