{
  "generated_at": "2025-10-25 13:19:34.269054Z",
  "ecosistema": {
    "label": "Evo-Tactics Meta‑Ecosystem Alpha",
    "biomi": [
      {
        "id": "badlands",
        "path": "/mnt/data/evo-tactics-pack-v1.7/Game/data/ecosystems/badlands.biome.yaml"
      },
      {
        "id": "foresta_temperata",
        "path": "/mnt/data/evo-tactics-pack-v1.7/Game/data/ecosystems/foresta_temperata.biome.yaml"
      },
      {
        "id": "deserto_caldo",
        "path": "/mnt/data/evo-tactics-pack-v1.7/Game/data/ecosystems/deserto_caldo.biome.yaml"
      },
      {
        "id": "cryosteppe",
        "path": "/mnt/data/evo-tactics-pack-v1.7/Game/data/ecosystems/cryosteppe.biome.yaml"
      }
    ],
    "connessioni": [
      {
        "from": "BADLANDS",
        "to": "FORESTA_TEMPERATA",
        "type": "corridor",
        "resistance": 0.6,
        "seasonality": "primavera/autunno",
        "notes": "gole ombreggiate e canyon → valichi boscosi"
      },
      {
        "from": "FORESTA_TEMPERATA",
        "to": "BADLANDS",
        "type": "trophic_spillover",
        "resistance": 0.4,
        "seasonality": "episodico",
        "notes": "boom detrito → pulse detritivoro in badlands"
      },
      {
        "from": "BADLANDS",
        "to": "DESERTO_CALDO",
        "type": "corridor",
        "resistance": 0.5,
        "seasonality": "estate",
        "notes": "canali wadi → dune mobili"
      },
      {
        "from": "FORESTA_TEMPERATA",
        "to": "CRYOSTEPPE",
        "type": "seasonal_bridge",
        "resistance": 0.6,
        "seasonality": "inverno",
        "notes": "valichi nevosi con copertura forestale rada"
      },
      {
        "from": "CRYOSTEPPE",
        "to": "BADLANDS",
        "type": "trophic_spillover",
        "resistance": 0.5,
        "seasonality": "episodico",
        "notes": "pulse detrito post disgelo"
      }
    ]
  },
  "biomi": [
    {
      "id": "badlands",
      "path": "data/ecosystems/badlands.biome.yaml",
      "manifest": {
        "species_counts": {
          "apex": 1,
          "keystone": 2,
          "bridge": 1,
          "threat": 1,
          "event": 1
        },
        "functional_groups_present": [
          "detritivoro",
          "dispersore_semi",
          "impollinatore",
          "patogeno",
          "prede",
          "pulse_climatico",
          "regolazione_parassiti",
          "regolazione_prede",
          "simbionte",
          "specie_chiave"
        ],
        "foodweb_links": {
          "path": "/mnt/data/evo-tactics-pack-v1.7/Game/data/foodwebs/badlands_foodweb.yaml",
          "sink_detrito": true
        }
      },
      "foodweb": {
        "path": "data/foodwebs/badlands_foodweb.yaml",
        "nodes": [
          "arbusti_xerofili",
          "crostoni_criptofite",
          "cianobatteri",
          "sand-burrower",
          "rust-scavenger",
          "echo-wing",
          "ferrocolonia-magnetotattica",
          "dune-stalker",
          "nano-rust-bloom",
          "evento-tempesta-ferrosa",
          "detrito",
          "carcasse"
        ],
        "edges": [
          {
            "from": "arbusti_xerofili",
            "to": "sand-burrower",
            "type": "herbivory",
            "weight": 0.6
          },
          {
            "from": "crostoni_criptofite",
            "to": "sand-burrower",
            "type": "grazing",
            "weight": 0.4
          },
          {
            "from": "sand-burrower",
            "to": "dune-stalker",
            "type": "predation",
            "weight": 0.7
          },
          {
            "from": "detrito",
            "to": "rust-scavenger",
            "type": "detritus",
            "weight": 0.8
          },
          {
            "from": "rust-scavenger",
            "to": "ferrocolonia-magnetotattica",
            "type": "mutualism",
            "weight": 0.3
          },
          {
            "from": "echo-wing",
            "to": "arbusti_xerofili",
            "type": "dispersal",
            "weight": 0.5
          },
          {
            "from": "nano-rust-bloom",
            "to": "rust-scavenger",
            "type": "suppression",
            "weight": 0.6
          },
          {
            "from": "carcasse",
            "to": "rust-scavenger",
            "type": "scavenging",
            "weight": 0.5
          }
        ]
      },
      "species": [
        {
          "id": "dune-stalker",
          "display_name": "Dune Stalker",
          "biomes": [
            "badlands"
          ],
          "role_trofico": "predatore_terziario_apex",
          "functional_tags": [
            "specie_chiave",
            "regolazione_prede"
          ],
          "flags": {
            "apex": true,
            "keystone": false,
            "sentient": false,
            "bridge": false,
            "threat": false,
            "event": false
          },
          "path": "data/species/badlands/dune-stalker.yaml"
        },
        {
          "id": "echo-wing",
          "display_name": "Echo Wing",
          "biomes": [
            "badlands",
            "FORESTA_TEMPERATA",
            "DESERTO_CALDO",
            "CRYOSTEPPE"
          ],
          "role_trofico": "dispersore_ponte",
          "functional_tags": [
            "impollinatore",
            "dispersore_semi"
          ],
          "flags": {
            "apex": false,
            "keystone": false,
            "sentient": false,
            "bridge": true,
            "threat": false,
            "event": false
          },
          "path": "data/species/badlands/echo-wing.yaml"
        },
        {
          "id": "evento-tempesta-ferrosa",
          "display_name": "Evento: Tempesta Ferrosa",
          "biomes": [
            "badlands"
          ],
          "role_trofico": "evento_ecologico",
          "functional_tags": [
            "pulse_climatico"
          ],
          "flags": {
            "apex": false,
            "keystone": false,
            "sentient": false,
            "bridge": false,
            "threat": false,
            "event": true
          },
          "path": "data/species/badlands/evento-tempesta-ferrosa.yaml"
        },
        {
          "id": "ferrocolonia-magnetotattica",
          "display_name": "Ferrocolonia Magnetotattica",
          "biomes": [
            "badlands"
          ],
          "role_trofico": "predatore_regolatore_simbionte",
          "functional_tags": [
            "simbionte",
            "regolazione_parassiti"
          ],
          "flags": {
            "apex": false,
            "keystone": true,
            "sentient": true,
            "sapience_tier": "S2",
            "bridge": false,
            "threat": false,
            "event": false
          },
          "path": "data/species/badlands/ferrocolonia-magnetotattica.yaml"
        },
        {
          "id": "nano-rust-bloom",
          "display_name": "Nano Rust Bloom",
          "biomes": [
            "badlands"
          ],
          "role_trofico": "minaccia_microbica",
          "functional_tags": [
            "patogeno"
          ],
          "flags": {
            "apex": false,
            "keystone": false,
            "sentient": false,
            "bridge": false,
            "threat": true,
            "event": false
          },
          "path": "data/species/badlands/nano-rust-bloom.yaml"
        },
        {
          "id": "rust-scavenger",
          "display_name": "Rust Scavenger",
          "biomes": [
            "badlands"
          ],
          "role_trofico": "ingegneri_ecosistema",
          "functional_tags": [
            "specie_chiave",
            "detritivoro"
          ],
          "flags": {
            "apex": false,
            "keystone": true,
            "sentient": false,
            "bridge": false,
            "threat": false,
            "event": false
          },
          "path": "data/species/badlands/rust-scavenger.yaml"
        },
        {
          "id": "sand-burrower",
          "display_name": "Sand Burrower",
          "biomes": [
            "badlands"
          ],
          "role_trofico": "erbivoro_primario",
          "functional_tags": [
            "prede",
            "detritivoro"
          ],
          "flags": {
            "apex": false,
            "keystone": false,
            "sentient": false,
            "bridge": false,
            "threat": false,
            "event": false
          },
          "path": "data/species/badlands/sand-burrower.yaml"
        }
      ]
    },
    {
      "id": "foresta_temperata",
      "path": "data/ecosystems/foresta_temperata.biome.yaml",
      "manifest": {
        "species_counts": {
          "apex": 1,
          "keystone": 2,
          "bridge": 1,
          "threat": 1,
          "event": 1
        },
        "functional_groups_present": [
          "patogeno",
          "pulse_climatico",
          "specie_chiave"
        ],
        "foodweb_links": {
          "path": "/mnt/data/evo-tactics-pack-v1.7/Game/data/foodwebs/foresta_temperata_foodweb.yaml",
          "sink_detrito": true
        }
      },
      "foodweb": {
        "path": "data/foodwebs/foresta_temperata_foodweb.yaml",
        "nodes": [
          "produttori_base",
          "HERB_CERVO",
          "PRED_LUPO",
          "DECO_FUNGO",
          "carcasse",
          "detrito"
        ],
        "edges": [
          {
            "from": "produttori_base",
            "to": "HERB_CERVO",
            "type": "herbivory"
          },
          {
            "from": "HERB_CERVO",
            "to": "PRED_LUPO",
            "type": "predation"
          },
          {
            "from": "detrito",
            "to": "DECO_FUNGO",
            "type": "detritus"
          }
        ]
      },
      "species": [
        {
          "id": "blight-micotico",
          "display_name": "Blight Micotico",
          "biomes": [
            "foresta_temperata"
          ],
          "role_trofico": "minaccia_microbica",
          "functional_tags": [
            "patogeno"
          ],
          "flags": {
            "apex": false,
            "keystone": false,
            "sentient": false,
            "bridge": false,
            "threat": true,
            "event": false
          },
          "path": "data/species/foresta_temperata/blight-micotico.yaml"
        },
        {
          "id": "evento-seme-uragano",
          "display_name": "Evento: Seme d'Uragano",
          "biomes": [
            "foresta_temperata"
          ],
          "role_trofico": "evento_ecologico",
          "functional_tags": [
            "pulse_climatico"
          ],
          "flags": {
            "apex": false,
            "keystone": false,
            "sentient": false,
            "bridge": false,
            "threat": false,
            "event": true
          },
          "path": "data/species/foresta_temperata/evento-seme-uragano.yaml"
        },
        {
          "id": "lupus-temperatus",
          "display_name": "Lupo della Foresta",
          "biomes": [
            "foresta_temperata"
          ],
          "role_trofico": "predatore_terziario_apex",
          "functional_tags": [
            "specie_chiave"
          ],
          "flags": {
            "apex": true,
            "keystone": true,
            "sentient": false,
            "bridge": false,
            "threat": false,
            "event": false
          },
          "path": "data/species/foresta_temperata/lupus-temperatus.yaml"
        },
        {
          "id": "sentinella-radice",
          "display_name": "Sentinella Radice",
          "biomes": [
            "foresta_temperata"
          ],
          "role_trofico": "ingegneri_ecosistema",
          "functional_tags": [
            "specie_chiave"
          ],
          "flags": {
            "apex": false,
            "keystone": true,
            "sentient": true,
            "sapience_tier": "S2",
            "bridge": true,
            "threat": false,
            "event": false
          },
          "path": "data/species/foresta_temperata/sentinella-radice.yaml"
        }
      ]
    },
    {
      "id": "deserto_caldo",
      "path": "data/ecosystems/deserto_caldo.biome.yaml",
      "manifest": {
        "species_counts": {
          "apex": 1,
          "keystone": 1,
          "bridge": 1,
          "threat": 1,
          "event": 1
        },
        "functional_groups_present": [
          "detritivoro",
          "dispersore_semi",
          "impollinatore",
          "ingegneri_ecosistema",
          "patogeno",
          "predatore",
          "pulse_climatico",
          "specie_chiave"
        ],
        "foodweb_links": {
          "path": "/mnt/data/evo-tactics-pack-v1.7/Game/data/foodwebs/deserto_caldo_foodweb.yaml",
          "sink_detrito": true
        }
      },
      "foodweb": {
        "path": "data/foodwebs/deserto_caldo_foodweb.yaml",
        "nodes": [
          "succulente_xerofile",
          "cianobatteri_dune",
          "licheni_cripto",
          "cactus-weaver",
          "noctule-termico",
          "thermo-raptor",
          "silica-bloom",
          "evento-ondata-termica",
          "detrito",
          "carcasse"
        ],
        "edges": [
          {
            "from": "succulente_xerofile",
            "to": "cactus-weaver",
            "type": "herbivory",
            "weight": 0.5
          },
          {
            "from": "licheni_cripto",
            "to": "cactus-weaver",
            "type": "grazing",
            "weight": 0.4
          },
          {
            "from": "cianobatteri_dune",
            "to": "cactus-weaver",
            "type": "grazing",
            "weight": 0.3
          },
          {
            "from": "cactus-weaver",
            "to": "thermo-raptor",
            "type": "predation",
            "weight": 0.6
          },
          {
            "from": "noctule-termico",
            "to": "succulente_xerofile",
            "type": "dispersal",
            "weight": 0.5
          },
          {
            "from": "detrito",
            "to": "cactus-weaver",
            "type": "detritus",
            "weight": 0.4
          },
          {
            "from": "carcasse",
            "to": "cactus-weaver",
            "type": "scavenging",
            "weight": 0.3
          },
          {
            "from": "silica-bloom",
            "to": "cactus-weaver",
            "type": "suppression",
            "weight": 0.5
          }
        ]
      },
      "species": [
        {
          "id": "cactus-weaver",
          "display_name": "Cactus Weaver",
          "biomes": [
            "deserto_caldo"
          ],
          "role_trofico": "ingegneri_ecosistema",
          "functional_tags": [
            "ingegneri_ecosistema",
            "specie_chiave",
            "detritivoro"
          ],
          "flags": {
            "apex": false,
            "keystone": true,
            "sentient": false,
            "bridge": false,
            "threat": false,
            "event": false
          },
          "path": "data/species/deserto_caldo/cactus-weaver.yaml"
        },
        {
          "id": "evento-ondata-termica",
          "display_name": "Evento: Ondata Termica Ionica",
          "biomes": [
            "deserto_caldo"
          ],
          "role_trofico": "evento_ecologico",
          "functional_tags": [
            "pulse_climatico"
          ],
          "flags": {
            "apex": false,
            "keystone": false,
            "sentient": false,
            "bridge": false,
            "threat": false,
            "event": true
          },
          "path": "data/species/deserto_caldo/evento-ondata-termica.yaml"
        },
        {
          "id": "noctule-termico",
          "display_name": "Noctule Termico",
          "biomes": [
            "deserto_caldo"
          ],
          "role_trofico": "dispersore_ponte",
          "functional_tags": [
            "impollinatore",
            "dispersore_semi"
          ],
          "flags": {
            "apex": false,
            "keystone": false,
            "sentient": false,
            "bridge": true,
            "threat": false,
            "event": false
          },
          "path": "data/species/deserto_caldo/noctule-termico.yaml"
        },
        {
          "id": "silica-bloom",
          "display_name": "Silica Bloom",
          "biomes": [
            "deserto_caldo"
          ],
          "role_trofico": "minaccia_microbica",
          "functional_tags": [
            "patogeno"
          ],
          "flags": {
            "apex": false,
            "keystone": false,
            "sentient": false,
            "bridge": false,
            "threat": true,
            "event": false
          },
          "path": "data/species/deserto_caldo/silica-bloom.yaml"
        },
        {
          "id": "thermo-raptor",
          "display_name": "Thermo Raptor",
          "biomes": [
            "deserto_caldo"
          ],
          "role_trofico": "predatore_terziario_apex",
          "functional_tags": [
            "predatore",
            "specie_chiave"
          ],
          "flags": {
            "apex": true,
            "keystone": false,
            "sentient": false,
            "bridge": false,
            "threat": false,
            "event": false
          },
          "path": "data/species/deserto_caldo/thermo-raptor.yaml"
        }
      ]
    },
    {
      "id": "cryosteppe",
      "path": "data/ecosystems/cryosteppe.biome.yaml",
      "manifest": {
        "species_counts": {
          "apex": 1,
          "keystone": 1,
          "bridge": 1,
          "threat": 1,
          "event": 1
        },
        "functional_groups_present": [
          "dispersore_semi",
          "impollinatore",
          "ingegneri_ecosistema",
          "patogeno",
          "predatore",
          "prede",
          "pulse_climatico",
          "specie_chiave"
        ],
        "foodweb_links": {
          "path": "/mnt/data/evo-tactics-pack-v1.7/Game/data/foodwebs/cryosteppe_foodweb.yaml",
          "sink_detrito": true
        }
      },
      "foodweb": {
        "path": "data/foodwebs/cryosteppe_foodweb.yaml",
        "nodes": [
          "tappeti_muschio",
          "arbusti_alpini",
          "licheni_borea",
          "steppe-bison-mini",
          "aurora-gull",
          "cryo-lynx",
          "thaw-rot",
          "evento-brinastorm",
          "detrito",
          "carcasse"
        ],
        "edges": [
          {
            "from": "tappeti_muschio",
            "to": "steppe-bison-mini",
            "type": "grazing",
            "weight": 0.6
          },
          {
            "from": "arbusti_alpini",
            "to": "steppe-bison-mini",
            "type": "herbivory",
            "weight": 0.4
          },
          {
            "from": "steppe-bison-mini",
            "to": "cryo-lynx",
            "type": "predation",
            "weight": 0.6
          },
          {
            "from": "aurora-gull",
            "to": "arbusti_alpini",
            "type": "dispersal",
            "weight": 0.5
          },
          {
            "from": "detrito",
            "to": "steppe-bison-mini",
            "type": "detritus",
            "weight": 0.4
          },
          {
            "from": "carcasse",
            "to": "steppe-bison-mini",
            "type": "scavenging",
            "weight": 0.3
          },
          {
            "from": "thaw-rot",
            "to": "steppe-bison-mini",
            "type": "suppression",
            "weight": 0.5
          }
        ]
      },
      "species": [
        {
          "id": "aurora-gull",
          "display_name": "Gabbiano d’Aurora",
          "biomes": [
            "cryosteppe"
          ],
          "role_trofico": "dispersore_ponte",
          "functional_tags": [
            "impollinatore",
            "dispersore_semi"
          ],
          "flags": {
            "apex": false,
            "keystone": false,
            "sentient": false,
            "bridge": true,
            "threat": false,
            "event": false
          },
          "path": "data/species/cryosteppe/aurora-gull.yaml"
        },
        {
          "id": "cryo-lynx",
          "display_name": "Cryo Lynx",
          "biomes": [
            "cryosteppe"
          ],
          "role_trofico": "predatore_terziario_apex",
          "functional_tags": [
            "predatore",
            "specie_chiave"
          ],
          "flags": {
            "apex": true,
            "keystone": false,
            "sentient": false,
            "bridge": false,
            "threat": false,
            "event": false
          },
          "path": "data/species/cryosteppe/cryo-lynx.yaml"
        },
        {
          "id": "evento-brinastorm",
          "display_name": "Evento: Brina Tempestosa",
          "biomes": [
            "cryosteppe"
          ],
          "role_trofico": "evento_ecologico",
          "functional_tags": [
            "pulse_climatico"
          ],
          "flags": {
            "apex": false,
            "keystone": false,
            "sentient": false,
            "bridge": false,
            "threat": false,
            "event": true
          },
          "path": "data/species/cryosteppe/evento-brinastorm.yaml"
        },
        {
          "id": "steppe-bison-mini",
          "display_name": "Bisonte Nano della Steppa",
          "biomes": [
            "cryosteppe"
          ],
          "role_trofico": "ingegneri_ecosistema",
          "functional_tags": [
            "ingegneri_ecosistema",
            "specie_chiave",
            "prede"
          ],
          "flags": {
            "apex": false,
            "keystone": true,
            "sentient": false,
            "bridge": false,
            "threat": false,
            "event": false
          },
          "path": "data/species/cryosteppe/steppe-bison-mini.yaml"
        },
        {
          "id": "thaw-rot",
          "display_name": "Thaw Rot",
          "biomes": [
            "cryosteppe"
          ],
          "role_trofico": "minaccia_microbica",
          "functional_tags": [
            "patogeno"
          ],
          "flags": {
            "apex": false,
            "keystone": false,
            "sentient": false,
            "bridge": false,
            "threat": true,
            "event": false
          },
          "path": "data/species/cryosteppe/thaw-rot.yaml"
        }
      ]
    }
  ],
  "species": [
    {
      "id": "dune-stalker",
      "display_name": "Dune Stalker",
      "biomes": [
        "badlands"
      ],
      "role_trofico": "predatore_terziario_apex",
      "functional_tags": [
        "specie_chiave",
        "regolazione_prede"
      ],
      "flags": {
        "apex": true,
        "keystone": false,
        "sentient": false,
        "bridge": false,
        "threat": false,
        "event": false
      },
      "path": "data/species/badlands/dune-stalker.yaml"
    },
    {
      "id": "echo-wing",
      "display_name": "Echo Wing",
      "biomes": [
        "badlands",
        "FORESTA_TEMPERATA",
        "DESERTO_CALDO",
        "CRYOSTEPPE"
      ],
      "role_trofico": "dispersore_ponte",
      "functional_tags": [
        "impollinatore",
        "dispersore_semi"
      ],
      "flags": {
        "apex": false,
        "keystone": false,
        "sentient": false,
        "bridge": true,
        "threat": false,
        "event": false
      },
      "path": "data/species/badlands/echo-wing.yaml"
    },
    {
      "id": "evento-tempesta-ferrosa",
      "display_name": "Evento: Tempesta Ferrosa",
      "biomes": [
        "badlands"
      ],
      "role_trofico": "evento_ecologico",
      "functional_tags": [
        "pulse_climatico"
      ],
      "flags": {
        "apex": false,
        "keystone": false,
        "sentient": false,
        "bridge": false,
        "threat": false,
        "event": true
      },
      "path": "data/species/badlands/evento-tempesta-ferrosa.yaml"
    },
    {
      "id": "ferrocolonia-magnetotattica",
      "display_name": "Ferrocolonia Magnetotattica",
      "biomes": [
        "badlands"
      ],
      "role_trofico": "predatore_regolatore_simbionte",
      "functional_tags": [
        "simbionte",
        "regolazione_parassiti"
      ],
      "flags": {
        "apex": false,
        "keystone": true,
        "sentient": true,
        "sapience_tier": "S2",
        "bridge": false,
        "threat": false,
        "event": false
      },
      "path": "data/species/badlands/ferrocolonia-magnetotattica.yaml"
    },
    {
      "id": "nano-rust-bloom",
      "display_name": "Nano Rust Bloom",
      "biomes": [
        "badlands"
      ],
      "role_trofico": "minaccia_microbica",
      "functional_tags": [
        "patogeno"
      ],
      "flags": {
        "apex": false,
        "keystone": false,
        "sentient": false,
        "bridge": false,
        "threat": true,
        "event": false
      },
      "path": "data/species/badlands/nano-rust-bloom.yaml"
    },
    {
      "id": "rust-scavenger",
      "display_name": "Rust Scavenger",
      "biomes": [
        "badlands"
      ],
      "role_trofico": "ingegneri_ecosistema",
      "functional_tags": [
        "specie_chiave",
        "detritivoro"
      ],
      "flags": {
        "apex": false,
        "keystone": true,
        "sentient": false,
        "bridge": false,
        "threat": false,
        "event": false
      },
      "path": "data/species/badlands/rust-scavenger.yaml"
    },
    {
      "id": "sand-burrower",
      "display_name": "Sand Burrower",
      "biomes": [
        "badlands"
      ],
      "role_trofico": "erbivoro_primario",
      "functional_tags": [
        "prede",
        "detritivoro"
      ],
      "flags": {
        "apex": false,
        "keystone": false,
        "sentient": false,
        "bridge": false,
        "threat": false,
        "event": false
      },
      "path": "data/species/badlands/sand-burrower.yaml"
    },
    {
      "id": "blight-micotico",
      "display_name": "Blight Micotico",
      "biomes": [
        "foresta_temperata"
      ],
      "role_trofico": "minaccia_microbica",
      "functional_tags": [
        "patogeno"
      ],
      "flags": {
        "apex": false,
        "keystone": false,
        "sentient": false,
        "bridge": false,
        "threat": true,
        "event": false
      },
      "path": "data/species/foresta_temperata/blight-micotico.yaml"
    },
    {
      "id": "evento-seme-uragano",
      "display_name": "Evento: Seme d'Uragano",
      "biomes": [
        "foresta_temperata"
      ],
      "role_trofico": "evento_ecologico",
      "functional_tags": [
        "pulse_climatico"
      ],
      "flags": {
        "apex": false,
        "keystone": false,
        "sentient": false,
        "bridge": false,
        "threat": false,
        "event": true
      },
      "path": "data/species/foresta_temperata/evento-seme-uragano.yaml"
    },
    {
      "id": "lupus-temperatus",
      "display_name": "Lupo della Foresta",
      "biomes": [
        "foresta_temperata"
      ],
      "role_trofico": "predatore_terziario_apex",
      "functional_tags": [
        "specie_chiave"
      ],
      "flags": {
        "apex": true,
        "keystone": true,
        "sentient": false,
        "bridge": false,
        "threat": false,
        "event": false
      },
      "path": "data/species/foresta_temperata/lupus-temperatus.yaml"
    },
    {
      "id": "sentinella-radice",
      "display_name": "Sentinella Radice",
      "biomes": [
        "foresta_temperata"
      ],
      "role_trofico": "ingegneri_ecosistema",
      "functional_tags": [
        "specie_chiave"
      ],
      "flags": {
        "apex": false,
        "keystone": true,
        "sentient": true,
        "sapience_tier": "S2",
        "bridge": true,
        "threat": false,
        "event": false
      },
      "path": "data/species/foresta_temperata/sentinella-radice.yaml"
    },
    {
      "id": "cactus-weaver",
      "display_name": "Cactus Weaver",
      "biomes": [
        "deserto_caldo"
      ],
      "role_trofico": "ingegneri_ecosistema",
      "functional_tags": [
        "ingegneri_ecosistema",
        "specie_chiave",
        "detritivoro"
      ],
      "flags": {
        "apex": false,
        "keystone": true,
        "sentient": false,
        "bridge": false,
        "threat": false,
        "event": false
      },
      "path": "data/species/deserto_caldo/cactus-weaver.yaml"
    },
    {
      "id": "evento-ondata-termica",
      "display_name": "Evento: Ondata Termica Ionica",
      "biomes": [
        "deserto_caldo"
      ],
      "role_trofico": "evento_ecologico",
      "functional_tags": [
        "pulse_climatico"
      ],
      "flags": {
        "apex": false,
        "keystone": false,
        "sentient": false,
        "bridge": false,
        "threat": false,
        "event": true
      },
      "path": "data/species/deserto_caldo/evento-ondata-termica.yaml"
    },
    {
      "id": "noctule-termico",
      "display_name": "Noctule Termico",
      "biomes": [
        "deserto_caldo"
      ],
      "role_trofico": "dispersore_ponte",
      "functional_tags": [
        "impollinatore",
        "dispersore_semi"
      ],
      "flags": {
        "apex": false,
        "keystone": false,
        "sentient": false,
        "bridge": true,
        "threat": false,
        "event": false
      },
      "path": "data/species/deserto_caldo/noctule-termico.yaml"
    },
    {
      "id": "silica-bloom",
      "display_name": "Silica Bloom",
      "biomes": [
        "deserto_caldo"
      ],
      "role_trofico": "minaccia_microbica",
      "functional_tags": [
        "patogeno"
      ],
      "flags": {
        "apex": false,
        "keystone": false,
        "sentient": false,
        "bridge": false,
        "threat": true,
        "event": false
      },
      "path": "data/species/deserto_caldo/silica-bloom.yaml"
    },
    {
      "id": "thermo-raptor",
      "display_name": "Thermo Raptor",
      "biomes": [
        "deserto_caldo"
      ],
      "role_trofico": "predatore_terziario_apex",
      "functional_tags": [
        "predatore",
        "specie_chiave"
      ],
      "flags": {
        "apex": true,
        "keystone": false,
        "sentient": false,
        "bridge": false,
        "threat": false,
        "event": false
      },
      "path": "data/species/deserto_caldo/thermo-raptor.yaml"
    },
    {
      "id": "aurora-gull",
      "display_name": "Gabbiano d’Aurora",
      "biomes": [
        "cryosteppe"
      ],
      "role_trofico": "dispersore_ponte",
      "functional_tags": [
        "impollinatore",
        "dispersore_semi"
      ],
      "flags": {
        "apex": false,
        "keystone": false,
        "sentient": false,
        "bridge": true,
        "threat": false,
        "event": false
      },
      "path": "data/species/cryosteppe/aurora-gull.yaml"
    },
    {
      "id": "cryo-lynx",
      "display_name": "Cryo Lynx",
      "biomes": [
        "cryosteppe"
      ],
      "role_trofico": "predatore_terziario_apex",
      "functional_tags": [
        "predatore",
        "specie_chiave"
      ],
      "flags": {
        "apex": true,
        "keystone": false,
        "sentient": false,
        "bridge": false,
        "threat": false,
        "event": false
      },
      "path": "data/species/cryosteppe/cryo-lynx.yaml"
    },
    {
      "id": "evento-brinastorm",
      "display_name": "Evento: Brina Tempestosa",
      "biomes": [
        "cryosteppe"
      ],
      "role_trofico": "evento_ecologico",
      "functional_tags": [
        "pulse_climatico"
      ],
      "flags": {
        "apex": false,
        "keystone": false,
        "sentient": false,
        "bridge": false,
        "threat": false,
        "event": true
      },
      "path": "data/species/cryosteppe/evento-brinastorm.yaml"
    },
    {
      "id": "steppe-bison-mini",
      "display_name": "Bisonte Nano della Steppa",
      "biomes": [
        "cryosteppe"
      ],
      "role_trofico": "ingegneri_ecosistema",
      "functional_tags": [
        "ingegneri_ecosistema",
        "specie_chiave",
        "prede"
      ],
      "flags": {
        "apex": false,
        "keystone": true,
        "sentient": false,
        "bridge": false,
        "threat": false,
        "event": false
      },
      "path": "data/species/cryosteppe/steppe-bison-mini.yaml"
    },
    {
      "id": "thaw-rot",
      "display_name": "Thaw Rot",
      "biomes": [
        "cryosteppe"
      ],
      "role_trofico": "minaccia_microbica",
      "functional_tags": [
        "patogeno"
      ],
      "flags": {
        "apex": false,
        "keystone": false,
        "sentient": false,
        "bridge": false,
        "threat": true,
        "event": false
      },
      "path": "data/species/cryosteppe/thaw-rot.yaml"
    }
  ]
}