category,feat_name,condition_summary,source_url
Explore,Master of Escape - From Irascible Aggressors,Dodged attacks from specified aggressive animals at least twice.,https://ancestors.fandom.com/wiki/Evolution_Feat
Explore,Master of Escape - From Crawling Threats,Dodged attacks from crawling threats.,https://ancestors.fandom.com/wiki/Evolution_Feat
Evolve,Craftsmanship Pioneer,"Crafted each tool (Basalt Chopper, Sharpened Stick, Granite Grinder, Obsidian Scraper) at least 5 times.",https://ancestors.fandom.com/wiki/Evolution_Feat
Evolve,Advanced Problem Solver,"Acted on all gathering spots with the right tool (Liftable Rock, Hole To Poke, Fishing Spot, Termite Mound, Beehive, Carcass) at least twice.",https://ancestors.fandom.com/wiki/Evolution_Feat
Expand,Astute Dominator (animal-specific),"Cause inter-species kills (e.g., Hyena kills Jackal, Machairodus kills etc.).",https://ancestors.fandom.com/wiki/Black-Backed_Jackal
