species_id,species_name,mya_available_from,playable,role,notes,source_url
missing_links,The Missing Links,10.0,True,start,"Starting point ~10,000,000 years",https://ancestors.fandom.com/wiki/Evolution
sahelanthropus_tchadensis,"Sahelanthropus Tchadensis ""Toumai""",9.1,True,evolution_leap,Available after ~9.1 Mya,https://ancestors.fandom.com/wiki/Evolution
orrorin_tugenensis,"Orrorin Tugenensis ""Millenium Man""",7.2,True,evolution_leap,Available after ~7.2 Mya,https://ancestors.fandom.com/wiki/Evolution
ardipithecus_ramidus,"Ardipithecus Ramidus ""Ardi""",5.5,True,evolution_leap,Available after ~5.5 Mya,https://ancestors.fandom.com/wiki/Evolution
australopithecus_afarensis,"Australopithecus Afarensis ""Lucy""",3.9,True,evolution_leap,Available after ~3.9 Mya,https://ancestors.fandom.com/wiki/Evolution
australopithecus_africanus,"Australopithecus Africanus ""The Taung child""",2.5,True,last_playable,Last playable species (~2.5 Mya),https://ancestors.fandom.com/wiki/Evolution
homo_ergaster,"Homo Ergaster ""Turkana boy""",2.0,False,ending,Final evolution (ending; unplayable),https://ancestors.fandom.com/wiki/Evolution
