neuron_id,branch_id,ui_name,is_genetic,description_short,source_url
so_02,senses,Chemoreceptor Acuity (SO 02),False,Increases range for detecting odor source.,https://ancestors.fandom.com/wiki/Senses_%28neuronal_branch%29
bb_ss_01,senses,Echoic Memory (BB SS 01),True,Remember one more item/living being location.,https://ancestors.fandom.com/wiki/Senses_%28neuronal_branch%29
ss_04,senses,Interaural Time Difference (SS 04),False,Improves localization of sound direction.,https://ancestors.fandom.com/wiki/Senses_%28neuronal_branch%29
de_06,dexterity,Applied Force (DE 06),False,Success rate of alteration modes increased.,https://ancestors.fandom.com/wiki/Dexterity_%28neuronal_branch%29
de_02,dexterity,Carrying Ability (DE 02),False,Allows carrying an item using both hands.,https://ancestors.fandom.com/wiki/Dexterity_%28neuronal_branch%29
