branch_id,branch_name,branch_type,parent_branch_id,total_neurons,regular_neurons,genetic_mutations,source_url
communication,Communication,primary,,20,15,5,https://ancestors.fandom.com/wiki/Neuronal
intelligence,Intelligence,primary,,14,8,6,https://ancestors.fandom.com/wiki/Intelligence_%28neuronal_branch%29
metabolism,Metabolism,primary,,4,2,2,https://ancestors.fandom.com/wiki/Neuronal
omnivore,Omnivore,sub,metabolism,11,9,2,https://ancestors.fandom.com/wiki/Omnivore_%28neuronal_branch%29
preventive_medication,Preventive Medication,sub,metabolism,30,22,8,https://ancestors.fandom.com/wiki/Neuronal
therapeutic_medication,Therapeutic Medication,sub,metabolism,24,16,8,https://ancestors.fandom.com/wiki/Neuronal
motricity,Motricity,primary,,20,11,9,https://ancestors.fandom.com/wiki/Neuronal
ambulation,Ambulation,sub,motricity,26,12,14,https://ancestors.fandom.com/wiki/Neuronal
attack,Attack,sub,motricity,8,6,2,https://ancestors.fandom.com/wiki/Neuronal
dexterity,Dexterity,sub,motricity,33,24,9,https://ancestors.fandom.com/wiki/Dexterity_%28neuronal_branch%29
dodge,Dodge,sub,motricity,10,7,3,https://ancestors.fandom.com/wiki/Neuronal
self_control,Self-Control,sub,motricity,12,8,4,https://ancestors.fandom.com/wiki/Neuronal
settlement,Settlement,sub,motricity,10,7,3,https://ancestors.fandom.com/wiki/Neuronal
swim,Swim,sub,motricity,5,3,2,https://ancestors.fandom.com/wiki/Neuronal
orrorin_tugenensis,Orrorin Tugenensis,primary,,8,8,0,https://ancestors.fandom.com/wiki/Neuronal
ardipithecus_ramidus,Ardipithecus Ramidus,sub,orrorin_tugenensis,13,10,3,https://ancestors.fandom.com/wiki/Neuronal
australopithecus_afarensis,Australopithecus Afarensis,sub,orrorin_tugenensis,12,9,3,https://ancestors.fandom.com/wiki/Neuronal
senses,Senses,primary,,37,31,6,https://ancestors.fandom.com/wiki/Senses_%28neuronal_branch%29
