id,label,epoch_start_mya,epoch_end_mya,requirements_feats,requirements_neurons,births_min,time_passed,territory_req,clan_state_req,effects_species_unlock,stat_mods,capability_flags,behavior_rules_group_size_cap,planning_horizon_rounds,fear_memory_persistence,tags,source_url,confidence
ev_hominini_proto,Hominini Proto [VERIFY],10.0,8.0,fear_conquered;clan_growth [VERIFY],nn_sense_vision_focus;nn_comm_bonding [VERIFY],2,>= 2 years [VERIFY],discover>=3 zones [VERIFY],bonding_score>=1 [VERIFY],Proto-hominini [VERIFY],"str+0,dex+0,con+0,int+0,wis+0,cha+0 [VERIFY]",basic_tool_use [VERIFY],6,0,low,early_stage [VERIFY],,1
ev_ardipith_like,Ardipithecine-like [VERIFY],8.0,5.0,tool_chain [VERIFY],nn_motor_switch_hands;nn_sense_smell_discrimination [VERIFY],3,>= 4 years [VERIFY],discover>=5 zones;base_settled [VERIFY],bonding_score>=2 [VERIFY],Ardipithecine-like [VERIFY],"str+0,dex+1,con+0,int+0,wis+0,cha+0 [VERIFY]",two_handed_manip [VERIFY],8,1,low,arboreal_mixed [VERIFY],,1
ev_australopith_like,Australopithecine-like [VERIFY],5.0,3.0,apex_hunt [VERIFY],nn_motor_precision_grip;nn_int_assoc_memory [VERIFY],4,>= 6 years [VERIFY],discover>=8 zones [VERIFY],bonding_score>=3 [VERIFY],Australopith-like [VERIFY],"str+1,dex+1,con+0,int+0,wis+0,cha+0 [VERIFY]",craft_simple_tools [VERIFY],12,2,medium,proto_bipedal [VERIFY],,1
ev_early_homo_like,Early Homo-like [VERIFY],3.0,2.0,tool_chain;clan_growth [VERIFY],nn_int_causality;nn_int_planning;nn_comm_proto_symbols [VERIFY],5,>= 8 years [VERIFY],discover>=12 zones;base_settled [VERIFY],bonding_score>=4 [VERIFY],Early Homo-like [VERIFY],"str+1,dex+1,con+0,int+1,wis+0,cha+0 [VERIFY]",craft_sequential;basic_language_slot [VERIFY],16,3,medium,tool_standardization_begin [VERIFY],,1
ev_homo_erectus_like,Homo erectus-like [VERIFY],2.0,1.5,apex_hunt;tool_chain [VERIFY],nn_motor_two_handed_manip;nn_int_map_awareness [VERIFY],6,>= 10 years [VERIFY],discover>=16 zones [VERIFY],bonding_score>=5 [VERIFY],Homo erectus-like [VERIFY],"str+2,dex+1,con+1,int+1,wis+0,cha+0 [VERIFY]",long_range_migration [VERIFY],20,4,high,cultural_rise_begin [VERIFY],,1
ev_homo_cultural_like,Homo (Culturale) - like [VERIFY],1.5,1.0,clan_growth;tool_chain [VERIFY],nn_int_threat_modeling;nn_comm_call_clan;nn_comm_alarm_call [VERIFY],7,>= 12 years [VERIFY],discover>=20 zones;base_settled [VERIFY],bonding_score>=6 [VERIFY],Homo cultural-like [VERIFY],"str+2,dex+1,con+1,int+2,wis+1,cha+0 [VERIFY]",cultural_practices;language_slots+1 [VERIFY],24,5,high,culture_symbolic_proto [VERIFY],,1
