id,category,name,description,unlock_conditions,effects,reinforce_cost,source_url,confidence
nn_sense_vision_focus,senses,Vision Focus [VERIFY],Migliora focalizzazione visiva su oggetti/interazioni.,Osserva oggetti a distanza per N volte [VERIFY],+1 Percezione su bersagli tracciati; evidenzia oggetti interattivi [VERIFY],1,,1
nn_sense_hearing_awareness,senses,Udito: Consapevolezza [VERIFY],Amplia il cono di percezione sonora.,Analizza X suoni diversi [VERIFY],Rivela direzione suoni e minacce [VERIFY],1,,1
nn_sense_smell_discrimination,senses,Olfatto: Discriminazione [VERIFY],"Riconosce più categorie d’odore (preda, predatore, risorse).",Identifica odori da Y fonti [VERIFY],Sblocca 'annusa' avanzato; +1 tracking odorifero [VERIFY],1,,1
nn_sense_night_awareness,senses,Consapevolezza Notturna [VERIFY],Mitiga il malus notturno alla percezione.,Sopravvivi a Z notti in esterno [VERIFY],Riduce penalità scuro; allerta predatori notturni [VERIFY],1,,1
nn_sense_thermoception,senses,Termocezione [VERIFY],Migliora sensibilità a fonti termiche.,Esposizioni a diversi climi [VERIFY],Estende banda climatica confortevole [VERIFY],2,,1
nn_sense_nociception,senses,Nocicezione [VERIFY],Elabora il dolore con maggiore controllo.,Sopravvivi a ferite/gravi rischi [VERIFY],+1 recupero panico; gestione shock [VERIFY],2,,1
nn_sense_proprioception,senses,Propriocezione [VERIFY],Percezione del corpo nello spazio.,Parkour/arrampicate riuscite [VERIFY],+1 Equilibrio; meno scivolate [VERIFY],2,,1
nn_motor_switch_hands,motor,Scambio Mano [VERIFY],Permette di passare l’oggetto da una mano all’altra.,Manipola oggetti bilaterali N volte [VERIFY],Sblocca combo a due mani e craft sequenziale [VERIFY],1,,1
nn_motor_precision_grip,motor,Presa di Precisione [VERIFY],Migliora la presa su strumenti piccoli.,Lavora utensili piccoli X volte [VERIFY],Riduce rotture; aumenta successo crafting [VERIFY],2,,1
nn_motor_two_handed_manip,motor,Manipolazione a Due Mani [VERIFY],Consente lavorazioni che richiedono forza/coordinazione.,Usa oggetti pesanti Y volte [VERIFY],"Sblocca 'battitura', 'levigatura' avanzate [VERIFY]",2,,1
nn_motor_dodge_reflex,motor,Schivata/Riflesso [VERIFY],Migliora tempi di reazione al pericolo.,Evita attacchi/imboscate Z volte [VERIFY],+1 evasione incontri predatori [VERIFY],2,,1
nn_motor_posture,motor,Postura e Stabilità [VERIFY],Controllo della postura durante spostamenti.,Cammina su superfici instabili [VERIFY],+1 Equilibrio; meno cadute [VERIFY],1,,1
nn_int_assoc_memory,intelligence,Memoria Associativa [VERIFY],Collega oggetti e risultati di uso.,Ripeti catene azioni → esito [VERIFY],Evidenzia oggetti utili per craft [VERIFY],2,,1
nn_int_causality,intelligence,Causalità [VERIFY],Comprende relazioni causa-effetto.,Sperimenta strumenti su target diversi [VERIFY],Sblocca craft sequenziali e tool chain [VERIFY],2,,1
nn_int_planning,intelligence,Pianificazione [VERIFY],Mantiene un obiettivo su più passi.,Completa sequenze multi-step [VERIFY],+1 planning_horizon_rounds [VERIFY],3,,1
nn_int_map_awareness,intelligence,Consapevolezza Territoriale [VERIFY],Memoria luoghi/risorse/percorsi.,Scopri nuove zone ed esplorale [VERIFY],Migliora ritorno alla base; markers [VERIFY],2,,1
nn_int_threat_modeling,intelligence,Modello Minacce [VERIFY],Anticipa predatori e situazioni di rischio.,Sopravvivi a imboscate multiple [VERIFY],Riduce panico; +chance schivata [VERIFY],3,,1
nn_comm_call_clan,communication,Richiamo al Clan [VERIFY],Vocalizzazioni per radunare i membri.,Emetti richiami in situazioni diverse [VERIFY],Aumenta coesione e assistenza [VERIFY],1,,1
nn_comm_alarm_call,communication,Allarme [VERIFY],Segnali di allerta per minacce.,Allerta il clan contro predatori [VERIFY],Riduce perdite; mobilita difesa [VERIFY],1,,1
nn_comm_bonding,communication,Legame Sociale (Grooming) [VERIFY],Consolidamento legami e riduzione stress.,Sessioni di cura reciproca [VERIFY],+bonding_score; panico -1 [VERIFY],1,,1
nn_comm_proto_symbols,communication,Proto-simboli [VERIFY],Associa suoni/gesti a oggetti/azioni.,Ripeti sequenze gestuali [VERIFY],Sblocca 1 language_slot [VERIFY],2,,1
nn_meta_diet_variance,metabolism,Dieta Variabile [VERIFY],Tolleranza a più alimenti.,Prova alimenti nuovi senza danni [VERIFY],Meno malus da cibi incerti [VERIFY],1,,1
nn_meta_poison_awareness,metabolism,Consapevolezza Veleni [VERIFY],Riconosce sostanze nocive.,Sperimenta piante/animali tossici [VERIFY],+1 sopravvivenza contro tossine [VERIFY],2,,1
nn_meta_endurance,metabolism,Resistenza [VERIFY],"Gestione fatica, termica e idrica.",Lunghi spostamenti senza riposo [VERIFY],+1 stamina; meno malus clima [VERIFY],2,,1
