neuron_name,code,branch,genetic_mutation,effect_short,unlock_trigger_hint
Acute Stress Response,MS 02,Motricity,False,Faster reactions for escapes and counterattacks,Perform dodges/counterattacks during threats
Ataraxia,DO 06,Dodge,False,Dopamine dose after successful dodge/counterattack,Succeed dodges/counterattacks
Counter Maneuver,CO 02,Attack,False,Faster counterattack prep vs irascible animals,Counterattack irascible animals
Counter Maneuver,CO 03,Attack,False,Faster counterattack prep vs wildlife,Counterattack wildlife
Counter Maneuver,CO 04,Attack,False,Faster counterattack prep vs predators,Counterattack predators
Deimatic Behavior,IT 01,Communication,False,Higher success intimidating threats,Use Intimidate near threats
Determination,BB FR 01,Self-Control,True,Less dopamine needed vs threats,Survive/engage threats
Determination,BB FR 02,Self-Control,True,Less dopamine needed vs threats,Survive/engage threats
Determination,BB FR 03,Self-Control,True,Less dopamine needed vs threats,Survive/engage threats
Determination,BB FR 04,Self-Control,True,Less dopamine needed vs threats,Survive/engage threats
Dominant Species,IT 06,Communication,False,Maximized intimidation effectiveness,Use group intimidation
Evasive Action,BB DO 03,Dodge,False,Faster dodge prep vs irascible animals,Dodge irascible animals
Evasive Action,DO 02,Dodge,False,Faster dodge prep vs predators,Dodge predators
Evasive Action,DO 04,Dodge,False,Faster dodge prep vs wildlife,Dodge wildlife
Fight Response,CO 01,Attack,False,Faster counterattack prep,Prime/execute counterattacks
Flee Response,DO 01,Dodge,False,Faster dodge prep vs aggressor,Prime/execute dodges
Grasp Control,HA 02,Dexterity,False,Minimized chance to drop items after dodge,Dodge while holding items
Grasp Control,HA 03,Dexterity,False,Minimized chance to drop items after dodge,Dodge while holding items
Grasp Control,HA 04,Dexterity,False,Minimized chance to drop items after dodge,Dodge while holding items
Group Defense,CO 06,Attack,False,Clan can defend if armed,Travel in group; clan holds weapons
Group Preservation,DO 07,Dodge,False,Clan can dodge if unarmed,Travel in group
Group Unity,CM 04,Communication,False,Group intimidation more effective,Use group intimidation
Group Unity,CM 07,Communication,False,Group intimidation more effective,Use group intimidation
Induced Fear,IT 03,Communication,False,Higher success intimidating irascible opponents,Intimidate irascible opponents
Infundibular Pathway,BB DO 01,Dodge,True,Dopamine dose after successful dodge/counterattack,Succeed dodges/counterattacks
Infundibular Pathway,BB DO 02,Dodge,True,Dopamine dose after successful dodge/counterattack,Succeed dodges/counterattacks
Infundibular Pathway,BB DO 03-2,Dodge,True,Dopamine dose after successful dodge/counterattack,Succeed dodges/counterattacks
