branch_name,parent_branch,total_neurons,regular_neurons,genetic_mutations,notes
Communication,Primary,20,15,5,Automates bonding/birth; intimidation & mimicry
Intelligence,Primary,14,8,6,Focus/identify/memorize
Metabolism,Primary,4,2,2,Opens sub-branches
Omnivore,Metabolism,11,9,2,Self-contained
Preventive Medication,Metabolism,30,22,8,Status resistance & protection
Therapeutic Medication,Metabolism,24,16,8,Cures/self-healing
Motricity,Primary,20,11,9,"Movement, standing, swing, bipedal"
Ambulation,Motricity,26,12,14,"Interconnects with Dexterity; carrying, climbing, jumping, speed"
Attack,Motricity,8,6,2,Counterattack & striking
Dexterity,Motricity,33,24,9,"Altering, carrying, tools; links with Ambulation & Dodge"
Dodge,Motricity,10,7,3,"Dodging & effects; links Attack, Dexterity, Self-Control"
Self-Control,Motricity,12,8,4,Dopamine & reaction in danger; links Attack & Dodge
Settlement,Motricity,10,7,3,"Construction, sleep, energy"
Swim,Motricity,5,3,2,Swimming & effects
Orrorin Tugenensis,Primary (Evolution),8,8,0,First overall upgrade line
Ardipithecus Ramidus,Primary (Evolution),13,10,3,Overall upgrades
Australopithecus Afarensis,Primary (Evolution),12,9,3,Final overall upgrades
Senses,Primary,37,31,6,Self-contained; hearing/smell/focus/memory
