{
  "Senses": {
    "total": 37,
    "regular": 31,
    "genetic": 6
  },
  "Ambulation": {
    "total": 26,
    "regular": 12,
    "genetic": 14
  },
  "Communication": {
    "total": 20,
    "regular": 15,
    "genetic": 5
  },
  "Preventive Medication": {
    "total": 30,
    "regular": 22,
    "genetic": 8
  },
  "Therapeutic Medication": {
    "total": 24,
    "regular": 16,
    "genetic": 8
  },
  "Motricity": {
    "total": 20,
    "regular": 11,
    "genetic": 9
  },
  "Dodge": {
    "total": 10,
    "regular": 7,
    "genetic": 3
  },
  "Self-Control": {
    "total": 12,
    "regular": 8,
    "genetic": 4
  },
  "Dexterity": {
    "total": 33,
    "regular": 24,
    "genetic": 9
  },
  "Orrorin Tugenensis": {
    "total": 8,
    "regular": 8,
    "genetic": 0
  },
  "Ardipithecus Ramidus": {
    "total": 13,
    "regular": 10,
    "genetic": 3
  },
  "Australopithecus Afarensis": {
    "total": 12,
    "regular": 9,
    "genetic": 3
  },
  "Settlement": {
    "total": null
  },
  "Swim": {
    "total": null
  },
  "Omnivore": {
    "total": null
  },
  "Attack": {
    "total": null
  },
  "Intelligence": {
    "total": null
  },
  "Metabolism": {
    "total": null
  }
}