code,name,branch,genetic,unlock_trigger,effect_short,connects_from,connects_to
SE 01,Perception,Senses,No,Use Senses; base detection,Slightly increases detection range for odors and sounds,,SO 01; SX 01; SS 01
SO 01,Olfaction,Senses,No,Use Sense of Smell,Increases range for detecting the source of an odor,SE 01,SO 02; SO 09; SO 13
SO 02,Chemoreceptor Acuity,Senses,No,Smell often; focus on sources,Increases range for detecting source of an odor,SO 01,SO 06; SO 03
SO 03,Threat Localization,Senses,No,Smell threatening odors; focus,Increases range to detect threatening odor source,SO 02,SO 05; SO 14; SO 04
SO 04,Threat Localization,Senses,No,Smell threatening odors; focus (max tier),Maximizes range for detecting threatening odors,SO 03; BB SX 01-4,
SO 05,Sensory Transduction Speed,Senses,No,Concentrate on menacing smells,Maximizes speed of concentrating on a menacing smell,SO 03,
SO 06,Odorant Identification,Senses,No,Concentrate on non-threatening smells,Increases range to detect non-threatening odors,SO 02,SO 11; SO 07; SO 08
SO 07,Odorant Identification,Senses,No,Concentrate on non-threatening smells (max tier),Maximizes range to detect non-threatening odors,SO 06; BB SX 01-2,
SO 08,Sensory Transduction Speed,Senses,No,Concentrate on non-threatening smells,Maximizes speed of concentrating on a non-threatening odor,SO 06,
SO 09,Odorant Chemotopy,Senses,No,Use smell; multiple of same species near target,Auto-identification of non-threatening smells of same species near target,SO 01,SO 10
SO 10,Odorant Chemotopy,Senses,No,Use smell; broader area,Increases width of auto-identification for non-threatening odors of the same species,SO 09,SO 11
SO 11,Odorant Chemotopy,Senses,No,Use smell; same species,Auto-identification of all non-threatening odors of same species,SO 10; SO 06,SO 12
SO 12,Odorant Chemotopy,Senses,No,Use smell widely,Auto-identification of all non-threatening odors,SO 11,
SO 13,Threat Chemotopy,Senses,No,Use smell; menacing odors near target,Auto-identification of other menacing odors of same species near target,SO 01,SO 14
SO 14,Threat Chemotopy,Senses,No,Use smell; menacing odors,Auto-identification of all threatening odors of same species,SO 13; SO 03,SO 15
SO 15,Threat Chemotopy,Senses,No,Use smell; menacing odors (max tier),Auto-identification of all threatening odors,SO 14,
SS 01,Sound Localization,Senses,No,Use hearing; focus on sources,Increases range for detecting a sound source,SE 01,SS 02; SS 10; SS 06
SS 02,Interaural Time Difference,Senses,No,Use hearing,Increases range for detecting a sound source,SS 01,SS 03; SS 05
SS 03,Interaural Time Difference,Senses,No,Use hearing,Increases range for detecting a sound source,SS 02,SS 04
SS 04,Interaural Time Difference,Senses,No,Use hearing (max tier),Maximizes range for detecting a sound source,SS 03; BB SS 01-2,
SS 05,Sound Localization Speed,Senses,No,Concentrate on sound sources,Maximizes ability to quickly concentrate on a sound,SS 02,
SS 06,Sound Detection,Senses,No,Identify non-threatening individuals by hearing,Auto-identification of other non-threatening individuals of same species near target,SS 01,SS 07; SS 09
SS 07,Sound Detection,Senses,No,Identify non-threatening individuals,Auto-identification of all non-threatening individuals of same species,SS 06,SS 08
SS 08,Sound Detection,Senses,No,Identify non-threatening individuals (max tier),Auto-identification of all non-threatening individuals,SS 07; BB SS 01-2,
SS 09,Sound Localization Speed,Senses,No,Concentrate on sound cues,Maximizes ability to quickly concentrate on a sound,SS 06,
SS 10,Sound Awareness,Senses,No,Identify threatening individuals by hearing,Auto-identification of other threatening individuals of same species near target,SS 01,SS 10-2
SS 10-2,Sound Awareness,Senses,No,Identify threatening individuals,Auto-identification of all threatening individuals of same species,SS 10,SS 10-3
SS 10-3,Sound Awareness,Senses,No,Identify threatening individuals (max tier),Auto-identification of all threatening individuals,SS 10-2,
SX 01,Sensory Memory,Senses,No,Inspect food quality,Faster inspection of food quality,SE 01,SX 02
SX 02,Sensory Memory,Senses,No,Inspect food quality (more),Further speeds up inspection of food quality,SX 01; BB SX 01,SX 03
SX 03,Sensory Memory,Senses,No,Inspect food quality (max),Immediate inspection results for food quality,SX 02; BB SX 01-3,
BB SS 01,Echoic Memory,Senses,Yes,Memory via hearing,Remember one more item/living being (hearing),,
BB SS 01-2,Echoic Memory,Senses,Yes,Advanced memory via hearing,Remember one more item/living being (hearing),,SS 04; SS 08
BB SX 01,Olfactory Memory,Senses,Yes,Memory via smell,Remember one more item/living being (smell),,SX 02
BB SX 01-3,Olfactory Memory,Senses,Yes,Advanced memory via smell,Remember one more item/living being (smell),,SX 03
BB SX 01-2,Iconic Memory,Senses,Yes,Visual/identification memory,Remember one more item/living being (visual),,SO 07
BB SX 01-4,Iconic Memory,Senses,Yes,Visual/menace memory,Remember one more item/living being (visual),,SO 04
