code,name,branch,genetic,unlock_trigger,effect_short,connects_from,connects_to
WA 00,Orthostasis & Senses,Motricity,No,Stand up to extend Senses/Intelligence range,Standing improves Senses/Intelligence range,,
WA 01,Contextual Orthostasis,Motricity,No,Stand up contextually,Allows standing upright at will contextually,,
WA 02,Equilibrioception,Motricity,No,Practice standing up,Standing upright to walk a few meters is acquired,,WA 03
WA 03,Proprioception,Motricity,No,Practice moving on two legs,Greater distance while moving on two legs,WA 02,WA 05
WA 05,Vestibular System,Motricity,No,Practice bipedal walking,Further increases bipedal travel distance,WA 03,
BB WA 02,Speed,Motricity,Yes,General movement practice,Movement speed bonus,,
BB WA 03,Orientation,Motricity,Yes,General exploration,Improved orientation while moving,,
WA 09,Medial-Lateral Stability,Motricity,No,Bipedal balancing,Improved lateral stability when upright,,
WA 11,Postural Balance,Motricity,No,Advanced bipedal practice,Improved postural balance,,
WA 12,Postural Balance,Motricity,No,Advanced bipedal practice,Further improved postural balance,,
