branch_id,branch_name,expected_total,present_in_csv,missing
senses,Senses,37,3,34
intelligence,Intelligence,14,0,14
metabolism,Metabolism,4,0,4
omnivore,Omnivore,11,11,0
preventive_medication,Preventive Medication,30,0,30
therapeutic_medication,Therapeutic Medication,24,0,24
motricity,Motricity,20,0,20
ambulation,Ambulation,26,0,26
attack,Attack,8,0,8
dexterity,Dexterity,33,2,31
dodge,Dodge,10,0,10
self_control,Self-Control,12,0,12
settlement,Settlement,10,0,10
swim,Swim,5,0,5
orrorin_tugenensis,Orrorin Tugenensis,8,0,8
ardipithecus_ramidus,Ardipithecus Ramidus,13,0,13
australopithecus_afarensis,Australopithecus Afarensis,12,0,12
communication,Communication,20,0,20
