branch_id,branch_name,branch_type,total_neurons,regular_neurons,genetic_mutations,source_url
senses,Senses,primary,37,31,6,https://ancestors.fandom.com/wiki/Senses_%28neuronal_branch%29
intelligence,Intelligence,primary,14,8,6,https://ancestors.fandom.com/wiki/Intelligence_%28neuronal_branch%29
metabolism,Metabolism,primary,4,2,2,https://ancestors.fandom.com/wiki/Neuronal
omnivore,Omnivore,sub,11,9,2,https://ancestors.fandom.com/wiki/Omnivore_%28neuronal_branch%29
preventive_medication,Preventive Medication,sub,30,22,8,https://ancestors.fandom.com/wiki/Neuronal
therapeutic_medication,Therapeutic Medication,sub,24,16,8,https://ancestors.fandom.com/wiki/Neuronal
motricity,Motricity,primary,20,11,9,https://ancestors.fandom.com/wiki/Neuronal
ambulation,Ambulation,sub,26,12,14,https://ancestors.fandom.com/wiki/Neuronal
attack,Attack,sub,8,6,2,https://ancestors.fandom.com/wiki/Neuronal
dexterity,Dexterity,sub,33,24,9,https://ancestors.fandom.com/wiki/Dexterity_%28neuronal_branch%29
dodge,Dodge,sub,10,7,3,https://ancestors.fandom.com/wiki/Neuronal
self_control,Self-Control,sub,12,8,4,https://ancestors.fandom.com/wiki/Neuronal
settlement,Settlement,sub,10,7,3,https://ancestors.fandom.com/wiki/Neuronal
swim,Swim,sub,5,3,2,https://ancestors.fandom.com/wiki/Neuronal
orrorin_tugenensis,Orrorin Tugenensis,primary,8,8,0,https://ancestors.fandom.com/wiki/Neuronal
ardipithecus_ramidus,Ardipithecus Ramidus,sub,13,10,3,https://ancestors.fandom.com/wiki/Neuronal
australopithecus_afarensis,Australopithecus Afarensis,sub,12,9,3,https://ancestors.fandom.com/wiki/Neuronal
communication,Communication,primary,20,15,5,https://ancestors.fandom.com/wiki/Neuronal
