branch_id,neuron_id,ui_name,is_genetic,unlock_trigger,effect_short,source_url
senses,SO_02,Chemoreceptor Acuity (SO 02),False,Usa il Sense of Smell e segui i passi proposti dalla Contextual Actions UI.,Aumenta la distanza per rilevare la fonte di un odore.,https://ancestors.fandom.com/wiki/Senses_%28neuronal_branch%29
senses,BB_SS_01,Echoic Memory (BB SS 01),True,Usa il Sense of Hearing e segui i passi proposti dalla Contextual Actions UI.,Memorizzi la posizione di un oggetto o essere vivente addizionale.,https://ancestors.fandom.com/wiki/Senses_%28neuronal_branch%29
senses,SS_04,Interaural Time Difference (SS 04),False,Matura i nodi udito correlati eseguendo ascolti focalizzati; poi apprendi dal ramo.,Migliora la localizzazione della direzione dei suoni.,https://ancestors.fandom.com/wiki/Senses_%28neuronal_branch%29
dexterity,DE_06,Applied Force (DE 06),False,TAP per scambiare mano; HOLD per metterti in posizione di alterazione e segui la UI contestuale (a mani nude o con un attrezzo).,Aumenta il tasso di successo di tutte le modalità di alterazione.,https://ancestors.fandom.com/wiki/Dexterity_%28neuronal_branch%29
dexterity,DE_02,Carrying Ability (DE 02),False,"Soddisfa i prerequisiti (Equilibrioception ""WA 02"" e Item Manipulation ""DE 01""), poi usa l'azione di presa e trasporto a due mani.",Sblocca la capacità di trasportare un oggetto con entrambe le mani.,https://ancestors.fandom.com/wiki/Dexterity_%28neuronal_branch%29
omnivore,OM_01,Eumycota Food Acclimatization (OM 01),False,Mangia funghi dopo aver rimosso la reazione non-onnivora (curando o attendendo).,Acclimatazione ai cibi del regno Eumycota (funghi).,https://ancestors.fandom.com/wiki/Omnivore_%28neuronal_branch%29
omnivore,OM_02,Eumycota Food Acclimatization (OM 02),False,Continua a consumare funghi fino alla maturazione del nodo.,Maggiore tolleranza ai cibi fungini.,https://ancestors.fandom.com/wiki/Omnivore_%28neuronal_branch%29
omnivore,OM_03,Zygote Food Acclimatization (OM 03),False,Mangia uova/zootemi dopo aver rimosso la reazione non-onnivora.,Acclimatazione ai cibi uovo/zygote.,https://ancestors.fandom.com/wiki/Omnivore_%28neuronal_branch%29
omnivore,OM_04,Zygote Food Acclimatization (OM 04),False,Continua l'acclimatazione con consumi ripetuti.,Maggiore tolleranza ai cibi uovo/zygote.,https://ancestors.fandom.com/wiki/Omnivore_%28neuronal_branch%29
omnivore,OM_05,Oviparous Food Acclimatization (OM 05),False,Consuma cibi ovipari (es. uova di specie ovipare) in sicurezza.,Acclimatazione ai cibi ovipari.,https://ancestors.fandom.com/wiki/Omnivore_%28neuronal_branch%29
omnivore,OM_06,Oviparous Food Acclimatization (OM 06),False,Consumi ripetuti senza effetti avversi.,Maggiore tolleranza ai cibi ovipari.,https://ancestors.fandom.com/wiki/Omnivore_%28neuronal_branch%29
omnivore,OM_07,Mammal Food Acclimatization (OM 07),False,Consuma cibi derivati da mammiferi (carni) senza effetti avversi.,Acclimatazione ai cibi di mammiferi.,https://ancestors.fandom.com/wiki/Omnivore_%28neuronal_branch%29
omnivore,OM_08,Mammal Food Acclimatization (OM 08),False,Consumi ripetuti per completare la maturazione.,Maggiore tolleranza ai cibi di mammiferi.,https://ancestors.fandom.com/wiki/Omnivore_%28neuronal_branch%29
omnivore,OM_09,Omnivorous (OM 09),False,Completa le acclimatazioni dei gruppi alimentari precedenti.,Diventi onnivoro; ampia tolleranza alimentare.,https://ancestors.fandom.com/wiki/Omnivore_%28neuronal_branch%29
omnivore,BB_OM_01,Xenobiotic Metabolism (BB OM 01),True,Indotta come mutazione genetica; può richiedere esposizione a sostanze esogene + meteorite.,Migliora la gestione di xenobiotici (tossine).,https://ancestors.fandom.com/wiki/Omnivore_%28neuronal_branch%29
omnivore,BB_OM_02,Xenobiotic Metabolism (BB OM 02),True,Ulteriore mutazione genetica correlata a xenobiotici.,Aumenta la resistenza a sostanze esogene.,https://ancestors.fandom.com/wiki/Omnivore_%28neuronal_branch%29
