trait_id,branch_id,neuron_id,neuron_ui_name
interoception_seed,self_control,FR_05,Perceptual Time Dilation
balance_reflex,motricity,WA_02,Equilibrioception
toolseed,dexterity,AL_01,Controlling Strength
echoic_trace,senses,BB_SS_01,Echoic Memory
teach_action,communication,CM_06,Imitation
group_form,dodge,DO_07,Group Preservation
craft_loop,dexterity,BB_AL_01,Manual Dexterity
sheltering,settlement,NE_01,(Building placeholder)
executive_loop,intelligence,IN_core,(Intelligence core placeholder)
postural_endurance,motricity,WA_05,Vestibular System
