{
  "base": "/mnt/data/evo-tactics-normalized/data/species.yaml",
  "incoming_files": [
    "/mnt/data/evo-tactics-normalized/data/species_index.yaml",
    "/mnt/data/evo-tactics-normalized/data/species_preferences.yaml"
  ],
  "merge_report": {
    "conflicts": [
      {
        "type": "species",
        "id": "dune_stalker",
        "diff_fields": [
          "file"
        ]
      }
    ],
    "added_parts": [],
    "added_species": [
      "sand_burrower",
      "echo_wing",
      "rust_scavenger"
    ],
    "added_synergies": [],
    "notes": []
  },
  "validator": {
    "ok": false,
    "output": {
      "raw": "Traceback (most recent call last):\n  File \"/mnt/data/evo-tactics-normalized/tools/py/validate_species.py\", line 19, in <module>\n    dp = sp['default_parts']\n         ~~^^^^^^^^^^^^^^^^^\nKeyError: 'default_parts'"
    }
  }
}