branch_id,neuron_id,ui_name,is_genetic,unlock_trigger,effect_short,source_url,notes
senses,SO_02,Chemoreceptor Acuity (SO 02),False,Use Senses > Smell and follow Contextual Actions.,Increases range for detecting the source of an odor.,https://ancestors.fandom.com/wiki/Senses_%28neuronal_branch%29,
senses,BB_SS_01,Echoic Memory (BB SS 01),True,Use Senses > Hearing and follow Contextual Actions.,Remember one more item/living being location.,https://ancestors.fandom.com/wiki/Senses_%28neuronal_branch%29,
senses,BB_SS_01-2,Echoic Memory (BB SS 01-2),True,Use Senses > Hearing and follow Contextual Actions.,Remember one more item/living being location.,https://ancestors.fandom.com/wiki/Senses_%28neuronal_branch%29,
senses,BB_SX_01-2,Iconic Memory (BB SX 01-2),True,Use Senses and follow Contextual Actions.,Remember one more item/living being location.,https://ancestors.fandom.com/wiki/Senses_%28neuronal_branch%29,
senses,BB_SX_01-4,Iconic Memory (BB SX 01-4),True,Use Senses and follow Contextual Actions.,Remember one more item/living being location.,https://ancestors.fandom.com/wiki/Senses_%28neuronal_branch%29,
senses,SS_02,Interaural Time Difference (SS 02),False,Use Senses > Hearing and follow Contextual Actions.,Increases range for detecting a sound source.,https://ancestors.fandom.com/wiki/Senses_%28neuronal_branch%29,
senses,SS_03,Interaural Time Difference (SS 03),False,Use Senses > Hearing and follow Contextual Actions.,Increases range for detecting a sound source.,https://ancestors.fandom.com/wiki/Senses_%28neuronal_branch%29,
senses,SS_04,Interaural Time Difference (SS 04),False,Use Senses > Hearing and follow Contextual Actions.,Improves localization of sound direction.,https://ancestors.fandom.com/wiki/Senses_%28neuronal_branch%29,
senses,SO_08,Sensory Transduction Speed (SO 08),False,Use Senses > Smell and follow Contextual Actions.,Maximizes speed to focus on non-threatening odor.,https://ancestors.fandom.com/wiki/Senses_%28neuronal_branch%29,
senses,SS_10,Sound Awareness (SS 10),False,Use Senses > Hearing; identify targets.,Auto-identify other threatening individuals near target.,https://ancestors.fandom.com/wiki/Senses_%28neuronal_branch%29,
senses,SS_10-2,Sound Awareness (SS 10-2),False,Use Senses > Hearing; identify targets.,Auto-identify all threatening individuals of same species.,https://ancestors.fandom.com/wiki/Senses_%28neuronal_branch%29,
senses,SS_10-3,Sound Awareness (SS 10-3),False,Use Senses > Hearing; identify targets.,Auto-identify all threatening individuals.,https://ancestors.fandom.com/wiki/Senses_%28neuronal_branch%29,
senses,SS_06,Sound Detection (SS 06),False,Use Senses > Hearing; identify targets.,Auto-identify other non-threatening individuals near target.,https://ancestors.fandom.com/wiki/Senses_%28neuronal_branch%29,
senses,SS_07,Sound Detection (SS 07),False,Use Senses > Hearing; identify targets.,Auto-identify all non-threatening individuals of same species.,https://ancestors.fandom.com/wiki/Senses_%28neuronal_branch%29,
senses,SS_08,Sound Detection (SS 08),False,Use Senses > Hearing; identify targets.,Auto-identify all non-threatening individuals.,https://ancestors.fandom.com/wiki/Senses_%28neuronal_branch%29,
senses,SS_01,Sound Localization (SS 01),False,Use Senses > Hearing and follow Contextual Actions.,Increases range for detecting a sound source.,https://ancestors.fandom.com/wiki/Senses_%28neuronal_branch%29,
senses,SS_05,Sound Localization Speed (SS 05),False,Use Senses > Hearing and follow Contextual Actions.,Maximizes speed to focus on a sound.,https://ancestors.fandom.com/wiki/Senses_%28neuronal_branch%29,
senses,SS_09,Sound Localization Speed (SS 09),False,Use Senses > Hearing and follow Contextual Actions.,Maximizes speed to focus on a sound.,https://ancestors.fandom.com/wiki/Senses_%28neuronal_branch%29,
dexterity,DE_06,Applied Force (DE 06),False,TAP swap hand; HOLD alter; follow Contextual UI (bare hands or tool).,Increases success rate of all alteration modes.,https://ancestors.fandom.com/wiki/Dexterity_%28neuronal_branch%29,
dexterity,DE_02,Carrying Ability (DE 02),False,Requires Equilibrioception (WA 02) + Item Manipulation (DE 01); then carry two-handed.,Acquire ability to carry an item using both hands.,https://ancestors.fandom.com/wiki/Dexterity_%28neuronal_branch%29,
dexterity,WH_06,True Aim (WH 06),False,HOLD to prime counterattack; MOVE to face aggressor; RELEASE at right time.,Maximizes success rate of counterattack.,https://ancestors.fandom.com/wiki/Dexterity_%28neuronal_branch%29,
dexterity,HA_05,True Grip (HA 05),False,HOLD to prime dodge; MOVE direction; RELEASE to dodge.,Items always remain in hands after a dodge.,https://ancestors.fandom.com/wiki/Dexterity_%28neuronal_branch%29,
dexterity,DE_01,Item Manipulation (DE 01),False,TAP to switch an item from one hand to the other while moving.,Switch item from one hand to the other while moving.,https://ancestors.fandom.com/wiki/Dexterity_%28neuronal_branch%29,
dexterity,DE_05,Gross Motor Skill (DE 05),False,Perform basic alterations successfully to mature the node.,Improves alteration baseline (prereq for Applied Force).,https://ancestors.fandom.com/wiki/Dexterity_%28neuronal_branch%29,
dexterity,AL_01,Controlling Strength (AL 01),False,Perform strikes/alterations with correct timing.,Improves control of applied force.,https://ancestors.fandom.com/wiki/Dexterity_%28neuronal_branch%29,Forward connection from DE 06 per wiki table.
dexterity,WH_02,Kinesthetic Sense (WH 02),False,Practice thrusting/aim actions; mature via Contextual UI.,Improves precision of thrusting actions.,https://ancestors.fandom.com/wiki/Dexterity_%28neuronal_branch%29,Forward connection from DE 06 per wiki table.
dexterity,AL_04,Stripping (AL 04),False,"Use alteration on items that can be stripped (e.g., branches).",Unlocks/boosts stripping items for crafting.,https://ancestors.fandom.com/wiki/Dexterity_%28neuronal_branch%29,
communication,CM_01,Kinesics (CM 01),False,HOLD to gather all clan members and have them follow you.,Acquire the ability to gather all clan members.,https://ancestors.fandom.com/wiki/Clan%27s_Call,
communication,CM_03,Body Language (CM 03),False,"PRESS Senses, choose Hearing, then HOLD & RELEASE to call specific members.","Ask, at distance, some members to come closer and follow.",https://ancestors.fandom.com/wiki/Clan%27s_Call,
communication,BB_CM_01,Social Confidence (BB CM 01),True,HOLD to gather all clan members; range is increased.,Wider range for Clan's Call.,https://ancestors.fandom.com/wiki/Clan%27s_Call,
communication,CM_06,Imitation (CM 06),False,"DOUBLE-TAP to have nearby clan mimic action, if holding same item.",Clan can mimic switching hands / altering a particular item.,https://ancestors.fandom.com/wiki/Switch_Hands,
omnivore,OM_01,Eumycota Food Acclimatization (OM 01),False,Eat fungi to get Non-Omnivore; cure/wait it out to mature.,Begin acclimatization to fungi foods.,https://ancestors.fandom.com/wiki/Omnivore_%28neuronal_branch%29,
omnivore,OM_02,Eumycota Food Acclimatization (OM 02),False,Repeat consumption and curing until maturation.,Greater tolerance to fungi foods.,https://ancestors.fandom.com/wiki/Omnivore_%28neuronal_branch%29,
omnivore,OM_03,Zygote Food Acclimatization (OM 03),False,Eat eggs/zygotes; cure/wait Non-Omnivore.,Begin acclimatization to zygote foods.,https://ancestors.fandom.com/wiki/Omnivore_%28neuronal_branch%29,
omnivore,OM_04,Zygote Food Acclimatization (OM 04),False,Repeat consumption and curing until maturation.,Greater tolerance to zygote foods.,https://ancestors.fandom.com/wiki/Omnivore_%28neuronal_branch%29,
omnivore,OM_05,Oviparous Food Acclimatization (OM 05),False,Eat oviparous foods (reptiles/fish/birds); cure/wait Non-Omnivore.,Begin acclimatization to oviparous foods.,https://ancestors.fandom.com/wiki/Omnivore_%28neuronal_branch%29,
omnivore,OM_06,Oviparous Food Acclimatization (OM 06),False,Repeat consumption and curing until maturation.,Greater tolerance to oviparous foods.,https://ancestors.fandom.com/wiki/Omnivore_%28neuronal_branch%29,
omnivore,OM_07,Mammal Food Acclimatization (OM 07),False,Eat mammal-derived foods; cure/wait Non-Omnivore.,Begin acclimatization to mammal foods.,https://ancestors.fandom.com/wiki/Omnivore_%28neuronal_branch%29,
omnivore,OM_08,Mammal Food Acclimatization (OM 08),False,Repeat consumption and curing until maturation.,Greater tolerance to mammal foods.,https://ancestors.fandom.com/wiki/Omnivore_%28neuronal_branch%29,
omnivore,OM_09,Omnivorous (OM 09),False,Complete prior acclimatizations; the Non-Omnivore status eliminated.,Wide food tolerance: become omnivorous.,https://ancestors.fandom.com/wiki/Omnivore_%28neuronal_branch%29,
omnivore,BB_OM_01,Xenobiotic Metabolism (BB OM 01),True,Induced genetic mutation; meteorite/birth-related.,Improves handling of xenobiotics/toxins.,https://ancestors.fandom.com/wiki/Omnivore_%28neuronal_branch%29,
omnivore,BB_OM_02,Xenobiotic Metabolism (BB OM 02),True,Second-stage genetic mutation.,Further resistance to exogenous substances.,https://ancestors.fandom.com/wiki/Omnivore_%28neuronal_branch%29,
motricity,MS_02,Acute Stress Response (MS 02),False,TODO: verify unlock steps on Motricity page.,TODO: effect summary per Motricity branch.,https://ancestors.fandom.com/wiki/Category%3AMotricity_neurons_icons,To be filled from Motricity/Ambulation/Dodge pages.
motricity,BB_WA_01,Anabolism (BB WA 01),False,TODO: verify unlock steps on Motricity page.,TODO: effect summary per Motricity branch.,https://ancestors.fandom.com/wiki/Category%3AMotricity_neurons_icons,To be filled from Motricity/Ambulation/Dodge pages.
motricity,BB_WA_05,Anabolism-Water (BB WA 05),False,TODO: verify unlock steps on Motricity page.,TODO: effect summary per Motricity branch.,https://ancestors.fandom.com/wiki/Category%3AMotricity_neurons_icons,To be filled from Motricity/Ambulation/Dodge pages.
motricity,BB_WA_09,Anabolism-Water (BB WA 09),False,TODO: verify unlock steps on Motricity page.,TODO: effect summary per Motricity branch.,https://ancestors.fandom.com/wiki/Category%3AMotricity_neurons_icons,To be filled from Motricity/Ambulation/Dodge pages.
motricity,BI_01,Bipedalism (BI 01),False,TODO: verify unlock steps on Motricity page.,TODO: effect summary per Motricity branch.,https://ancestors.fandom.com/wiki/Category%3AMotricity_neurons_icons,To be filled from Motricity/Ambulation/Dodge pages.
motricity,WA_01,Contextual Orthostatis (WA 01),False,TODO: verify unlock steps on Motricity page.,TODO: effect summary per Motricity branch.,https://ancestors.fandom.com/wiki/Category%3AMotricity_neurons_icons,To be filled from Motricity/Ambulation/Dodge pages.
motricity,WA_02,Equilibrioception (WA 02),False,TODO: verify unlock steps on Motricity page.,TODO: effect summary per Motricity branch.,https://ancestors.fandom.com/wiki/Category%3AMotricity_neurons_icons,To be filled from Motricity/Ambulation/Dodge pages.
motricity,BB_WA_04,Lower Body Strength (BB WA 04),False,TODO: verify unlock steps on Motricity page.,TODO: effect summary per Motricity branch.,https://ancestors.fandom.com/wiki/Category%3AMotricity_neurons_icons,To be filled from Motricity/Ambulation/Dodge pages.
motricity,WA_09,Medial-Lateral Stability (WA 09),False,TODO: verify unlock steps on Motricity page.,TODO: effect summary per Motricity branch.,https://ancestors.fandom.com/wiki/Category%3AMotricity_neurons_icons,To be filled from Motricity/Ambulation/Dodge pages.
motricity,MS_01,Motor Skill (MS 01),False,TODO: verify unlock steps on Motricity page.,TODO: effect summary per Motricity branch.,https://ancestors.fandom.com/wiki/Category%3AMotricity_neurons_icons,To be filled from Motricity/Ambulation/Dodge pages.
motricity,BB_WA_03,Orientation (BB WA 03),False,TODO: verify unlock steps on Motricity page.,TODO: effect summary per Motricity branch.,https://ancestors.fandom.com/wiki/Category%3AMotricity_neurons_icons,To be filled from Motricity/Ambulation/Dodge pages.
motricity,WA_00,Orthostasis & Senses (WA 00),False,TODO: verify unlock steps on Motricity page.,TODO: effect summary per Motricity branch.,https://ancestors.fandom.com/wiki/Category%3AMotricity_neurons_icons,To be filled from Motricity/Ambulation/Dodge pages.
motricity,WA_11,Postural Balance (WA 11),False,TODO: verify unlock steps on Motricity page.,TODO: effect summary per Motricity branch.,https://ancestors.fandom.com/wiki/Category%3AMotricity_neurons_icons,To be filled from Motricity/Ambulation/Dodge pages.
motricity,WA_12,Postural Balance (WA 12),False,TODO: verify unlock steps on Motricity page.,TODO: effect summary per Motricity branch.,https://ancestors.fandom.com/wiki/Category%3AMotricity_neurons_icons,To be filled from Motricity/Ambulation/Dodge pages.
motricity,WA_03,Proprioception (WA 03),False,TODO: verify unlock steps on Motricity page.,TODO: effect summary per Motricity branch.,https://ancestors.fandom.com/wiki/Category%3AMotricity_neurons_icons,To be filled from Motricity/Ambulation/Dodge pages.
motricity,BB_WA_02,Speed (BB WA 02),False,TODO: verify unlock steps on Motricity page.,TODO: effect summary per Motricity branch.,https://ancestors.fandom.com/wiki/Category%3AMotricity_neurons_icons,To be filled from Motricity/Ambulation/Dodge pages.
motricity,BB_WA_06,Stability Control (BB WA 06),False,TODO: verify unlock steps on Motricity page.,TODO: effect summary per Motricity branch.,https://ancestors.fandom.com/wiki/Category%3AMotricity_neurons_icons,To be filled from Motricity/Ambulation/Dodge pages.
motricity,BB_WA_07,Stability Control (BB WA 07),False,TODO: verify unlock steps on Motricity page.,TODO: effect summary per Motricity branch.,https://ancestors.fandom.com/wiki/Category%3AMotricity_neurons_icons,To be filled from Motricity/Ambulation/Dodge pages.
motricity,BB_WA_08,Upper Body Strength (BB WA 08),False,TODO: verify unlock steps on Motricity page.,TODO: effect summary per Motricity branch.,https://ancestors.fandom.com/wiki/Category%3AMotricity_neurons_icons,To be filled from Motricity/Ambulation/Dodge pages.
motricity,WA_05,Vestibular System (WA 05),False,TODO: verify unlock steps on Motricity page.,TODO: effect summary per Motricity branch.,https://ancestors.fandom.com/wiki/Category%3AMotricity_neurons_icons,To be filled from Motricity/Ambulation/Dodge pages.
