branch,code,name,type,unlock_trigger,effect_short,connects_from,connects_to,sources
Ambulation,AB 01,Endurance,regular,Walk/run after unlocking Bipedalism,Greatly reduces Energy consumption while sprinting.,Bipedalism,"AB 02, AB 03",Endurance (AB 01); Neuronal/fr
Ambulation,AB 02,Movement Endurance,regular,Walk with mutation Speed of Movement,Reduces Energy consumption while moving.,AB 01,AB 03,Movement Endurance (AB 02); Neuronal/fr
Ambulation,AB 03,Movement Endurance (2),regular,Learn Movement Endurance + Lower Limb Strength (2) mutation,Further reduces Energy loss while moving.,AB 02,,Movement Endurance (AB 03); Neuronal/fr
Ambulation,AB 04,Climb Endurance,regular,Climb walls with Climb Speed mutation,Reduces Energy consumption while climbing.,AB 01,AB 06,Climb Endurance (AB 04); Neuronal/fr
Ambulation,AB 05,Climb Endurance (2),regular,Climb repeatedly,Reduces Energy consumption while climbing.,AB 04,AB 06,Neuronal/fr
Ambulation,AB 06,Climb Endurance (3),regular,Learn Climb Endurance (2) + Lower Limb Strength (3) mutation,Further reduces Energy loss while climbing.,AB 05,,Climb Endurance (AB 06); Neuronal/fr
Ambulation,AB 07,Carrying Endurance,regular,Walk while carrying 2‑handed item/stockpile,Reduces Energy consumption while carrying with both hands.,"DE 04, Bipedalism",AB 08,Carrying Endurance (AB 07); Carry page; Neuronal/fr
Ambulation,AB 08,Carrying Endurance (2),regular,Walk while carrying 2‑handed stockpile,Further reduces Energy consumption while carrying.,AB 07,AB 09,Carrying Endurance (AB 08); Carry page; Neuronal/fr
Ambulation,AB 09,Carrying Endurance (3),regular,Learn Carrying Endurance (2) + Carry Speed mutation,Further reduces Energy loss while carrying.,AB 08,,Carrying Endurance (AB 09); Neuronal/fr
Ambulation,AB 10,— (reserved/missing),regular,—,—,,,
Ambulation,AB 11,Pain Endurance,regular,Walk while injured,Reduces Energy consumption when moving while injured.,AB 01,,Pain Endurance (AB 11); Injury; Neuronal/fr
