branch,code,name,type,unlock_trigger,effect_short,connects_from,connects_to,sources
Senses,SE 01,Perception,regular,Use senses (any),Enables sensory focus UI.,,"SS 01, SO 01",Senses page; Hearing page
Senses,SO 01,Olfaction,regular,Use Sense of Smell,Enables smell focus and detection.,SE 01,"SO 02, SO 09",Senses page
Senses,SO 02,Chemoreceptor Acuity,regular,Use Sense of Smell,Increases range to detect odor source.,SO 01,"SO 06, SO 03",Senses page
Senses,SO 03,Threat Localization,regular,Use Sense of Smell; focus on threats,Increases range for detecting threatening odors.,SO 02,SO 04,Senses page
Senses,SO 04,Threat Localization (max),regular,Use Sense of Smell; focus on threats,Maximizes range for detecting threatening odors.,SO 03,,Senses page
Senses,SO 05,Sensory Transduction Speed (smell),regular,Use smell focus quickly,Faster concentration on odors.,SO 01,SO 08,Senses page
Senses,SO 06,Odorant Identification,regular,Identify non‑threatening odors,Increases range for non‑threatening odors.,SO 02,"SO 07, SO 11",Senses page
Senses,SO 07,Odorant Identification (improved),regular,Identify non‑threatening odors,Maximizes non‑threat odor identification width.,SO 06,,Senses page
Senses,SO 08,Sensory Transduction Speed (smell) (max),regular,Use smell focus quickly,Maximizes ability to quickly concentrate on odors.,SO 05,,Senses page
Senses,SO 09,Odorant Chemotopy,regular,Identify nearby same‑species non‑threat odors,Auto‑identify nearby non‑threat odors (same species).,SO 01,SO 10,Senses page
Senses,SO 10,Odorant Chemotopy (wider),regular,Identify odors,Wider auto‑ID for non‑threat odors (same species).,SO 09,SO 11,Senses page
Senses,SO 11,Odorant Chemotopy (all same species),regular,Identify odors,Auto‑ID all non‑threat odors of same species.,"SO 10, SO 06",SO 12,Senses page
Senses,SO 12,Odorant Chemotopy (all),regular,Identify odors,Auto‑ID all non‑threat odors.,SO 11,,Senses page
Senses,SO 13,Threat Chemotopy,regular,Identify threatening odors,Auto‑ID threatening odors near target (same species).,SO 03,SO 14,Senses page
Senses,SO 14,Threat Chemotopy (wider),regular,Identify threatening odors,Wider auto‑ID for threatening odors (same species).,SO 13,SO 15,Senses page
Senses,SO 15,Threat Chemotopy (all),regular,Identify threatening odors,Auto‑ID all threatening odors.,SO 14,,Senses page
Senses,SS 01,Sound Localization,regular,Use Sense of Hearing,Increases detection range of a sound source.,SE 01,"SS 02, SS 10, SS 06",Hearing page
Senses,SS 02,Interaural Time Difference,regular,Use hearing focus,Increases sound source detection range.,SS 01,"SS 03, SS 05",Hearing page
Senses,SS 03,Interaural Time Difference,regular,Use hearing focus,Increases sound source detection range.,SS 02,SS 04,Hearing page
Senses,SS 04,Interaural Time Difference (max),regular,Use hearing focus,Maximizes detection range of a sound source.,"SS 03, BB SS 01-2",,Hearing page
Senses,SS 05,Sound Localization Speed,regular,Use hearing focus quickly,Maximizes ability to quickly concentrate on a sound.,SS 02,,Hearing page
Senses,SS 06,Sound Detection,regular,Identify non‑threat sounds,Auto‑ID other non‑threat individuals (same species) near target.,SS 01,"SS 07, SS 09",Hearing page
Senses,SS 07,Sound Detection (wider same species),regular,Identify sounds,Auto‑ID all non‑threat individuals (same species).,SS 06,SS 08,Hearing page
Senses,SS 08,Sound Detection (all),regular,Identify sounds,Auto‑ID all non‑threat individuals.,"SS 07, BB SS 01-2",,Hearing page
Senses,SS 09,Sound Localization Speed (max),regular,Use hearing focus quickly,Maximizes quick concentration on sounds.,SS 06,,Hearing page
Senses,SS 10,Sound Awareness,regular,Identify threatening sounds,Auto‑ID threatening individuals (same species) near target.,SS 01,SS 10-2,Identify page
Senses,SS 10-2,Sound Awareness (same species all),regular,Identify threatening sounds,Auto‑ID all threatening individuals of same species.,SS 10,SS 10-3,Identify page
Senses,SS 10-3,Sound Awareness (all),regular,Identify threatening sounds,Auto‑ID all threatening individuals.,SS 10-2,,Identify page
Senses,BB SS 01,Echoic Memory,mutation,Use hearing focus and memorize,+1 memory slot for item/living being (auditory).,,"SS 04, SS 08",Senses page
Senses,BB SS 01-2,Echoic Memory,mutation,Use hearing focus and memorize,+1 memory slot for item/living being (auditory).,,"SS 04, SS 08",Senses page
Senses,BB SX 01,Iconic Memory,mutation,Use senses and memorize,+1 memory slot (visual).,,,Memorize page
Senses,BB SX 01-2,Iconic Memory,mutation,Use senses and memorize,+1 memory slot (visual).,,SO 07,Memorize page
Senses,BB SX 01-3,Iconic Memory,mutation,Use senses and memorize,+1 memory slot (visual).,,,Memorize page
Senses,BB SX 01-4,Iconic Memory,mutation,Use senses and memorize,+1 memory slot (visual).,,SO 04,Memorize page
